gene,protein,cluster,n_cells,rho_obs,rho_null_mean,z_score,p_value,fdr_padj
CD3E,CD4,0,3446,0.6341246371386945,-0.0003805176238038613,35.56859091927208,4.287473212013526e-277,9.29095445043331e-274
CD3D,CD4,0,3446,0.6378701270297231,-0.00014766886149719208,35.548283179272794,8.831980379676646e-277,9.569450741379647e-274
CD3G,CD4,1,2427,0.7371659451181037,0.0003570159825114313,35.50175103246427,4.618903136716544e-276,3.33638769908825e-273
CD3G,CD4,0,3446,0.6276680264307049,0.00014287322682569038,35.34017296420064,1.4193613450338316e-273,7.689390086720783e-271
CD3E,CD4,1,2427,0.7316874535206276,0.00031957824637526,35.33289507533657,1.835997648857829e-273,7.95721381014983e-271
CD3D,CD4,1,2427,0.7327606594475218,9.792095217280799e-05,34.627425168222565,9.770063401693287e-263,3.528621231911559e-260
CST3,CD14,0,3446,0.5599367629097765,-0.00018338893034710379,33.05167925018894,1.4715401171562507e-239,4.5554677626822787e-237
CD14,CD14,0,3446,0.5601381951629102,-0.0007392871133808578,32.98189362285273,1.4768794670094382e-238,4.000497256261816e-236
LYZ,CD14,0,3446,0.5556013511392187,-0.00025193061815575904,32.73384472309103,5.15552870683272e-235,1.2413367453007228e-232
CD8B,CD8a,0,3446,0.5479537913118597,0.0008121699443129926,31.784316004309552,1.0662863215525892e-221,2.310642458804461e-219
CD8A,CD8a,0,3446,0.540229252343129,0.0006563830138683416,31.472475037779382,2.068266736404372e-217,4.0744854707166124e-215
GZMA,CD8a,0,3446,0.538324541180845,0.0004224863629970089,31.359381798635674,7.247434605273973e-216,1.3087658991357249e-213
CD3D,CD3,0,3446,0.4911442355453782,0.0006942927929395184,28.728236734689517,1.6942311254733325e-181,2.824152960692855e-179
CD3E,CD16,0,3446,-0.473350340447547,0.000322803478699642,-28.532234167159984,4.6668667667376214e-179,7.2236430596574465e-177
CD3E,CD3,0,3446,0.4962680636756294,0.0006409594907932949,28.520354773985193,6.552052804355169e-179,9.465532284691767e-177
CD3G,CD16,0,3446,-0.4769558822285186,2.5059773844472427e-05,-28.313914005628686,2.329666193196151e-176,3.155241650410037e-174
CD3G,CD3,0,3446,0.49053780323168183,0.000733223728108995,28.229534353684944,2.538758853556077e-175,3.23617084450354e-173
CD14,CD16,0,3446,0.47933166631014623,-0.0006438845404516769,27.739426431248067,2.3374249328625377e-169,2.8139999052850662e-167
CD3D,CD16,0,3446,-0.46460899276681417,8.034116148424824e-05,-27.467483912385873,4.295954907816069e-166,4.89964962380917e-164
LYZ,CD16,0,3446,0.4741056938436637,-0.00034370359669724587,27.23794291366494,2.3090989686558393e-163,2.5019087325386017e-161
CD3E,CD16,1,2427,-0.5296718424330025,0.0004985699792419308,-27.15924430032974,1.9692438030284724e-162,2.0320720576965236e-160
CST3,CD16,0,3446,0.4783516929237949,-0.00029285294247977816,27.143002843788334,3.0624644926354504e-162,3.016527525245919e-160
CD3G,CD16,1,2427,-0.5328321752748792,0.00029909204295339354,-27.098264549190016,1.0321158693172556e-161,9.7243264730891e-160
CD3D,CD16,1,2427,-0.5314247698388609,0.0003721850372609343,-26.31163733687748,1.4113723186737893e-152,1.2743515894025423e-150
CST3,HLA-DR,0,3446,0.43063582098354786,0.000512030362973416,25.312873191799547,2.3049625076875294e-141,1.9979415016635503e-139
CD8B,CD8a,1,2427,0.5085687030394658,-0.0005675866827571954,25.261662349654713,8.432266249655068e-141,7.027969601154821e-139
LYZ,HLA-DR,0,3446,0.4305871261023256,0.00017738390025144466,24.980102047696196,1.00595914675471e-137,8.073753596360951e-136
GZMA,CD8a,1,2427,0.5025499165758063,-0.00022941338037760125,24.903203409389047,6.868830805573249e-137,5.315984412741868e-135
CD14,HLA-DR,0,3446,0.42515325010979654,0.00023962027012383285,24.786087156769373,1.2664709727998553e-135,9.46359516571478e-134
CD8A,CD8a,1,2427,0.5058666700829434,-0.0004770095175344754,24.651432350911904,3.552241364018652e-134,2.5659023452761396e-132
CD3G,CD3,1,2427,0.4776964914197887,-9.997432856601851e-05,23.478758625616948,6.723673592807171e-122,4.7000647340687554e-120
CD3D,CD3,1,2427,0.46869131812593723,-0.00042611827712865435,23.17948956680096,7.332716097866702e-119,4.9656236825241075e-117
CD3E,CD3,1,2427,0.46228480124263777,-0.00041384708275275827,22.888552326256303,6.041358857589923e-116,3.9671589831507165e-114
CD3E,HLA-DR,0,3446,-0.38838269214727683,-0.00021970609584002834,-22.66610337459962,9.67921214645303e-114,6.169074329812858e-112
CD3D,HLA-DR,0,3446,-0.38274369705123573,-0.00017043343189482123,-22.382087445342794,5.882533179452393e-111,3.6421283999638104e-109
CD3G,HLA-DR,0,3446,-0.38307856790719735,-0.0003192132976783228,-22.10909934705492,2.583737635615185e-108,1.555266515660585e-106
CD8B,HLA-DR,0,3446,-0.37287503130750077,-0.0009673982666977822,-22.04842811461678,9.889955432814664e-108,5.792306330516048e-106
CD3E,CD56,0,3446,-0.3656610982797636,-0.0001297401737897921,-22.012343402226197,2.1935603433320045e-107,1.250906648421172e-105
CD3E,CD14,0,3446,-0.36845497088322626,-0.00017289415492010644,-21.801060500599686,2.267033796493403e-105,1.2596569838464624e-103
CD3G,CD4,2,938,0.7112764863098938,0.0011367181969620197,21.794381938837546,2.623094738593643e-105,1.421061574633106e-103
CD3D,CD4,2,938,0.70700072809795,0.0013393857904075357,21.729506519180656,1.0795601332404656e-104,5.705870265200218e-103
GZMA,HLA-DR,0,3446,-0.3710269492302746,-0.0006891371231862417,-21.684293560703843,2.8865470073191204e-104,1.4893208011572699e-102
CD3D,CD56,0,3446,-0.359349145286663,-0.000383276720208617,-21.55097073697693,5.18484978049252e-103,2.612923133564486e-101
CD3E,CD56,1,2427,-0.4422200538345278,-0.00018100286066689977,-21.545279194871817,5.862909229065459e-103,2.8874827953147384e-101
CD3G,CD56,1,2427,-0.44478404498926716,-0.0005277775450347798,-21.514870565718812,1.1299430755226136e-102,5.4413036547944527e-101
CD8A,HLA-DR,0,3446,-0.3710150353661652,-0.0007663596495004021,-21.498981734301726,1.5914137892335307e-102,7.496942785367525e-101
CD3D,CD14,0,3446,-0.35944856527456603,-0.00017702010373931158,-21.432656053327477,6.628870413283857e-102,3.05633237991194e-100
CD3E,CD4,2,938,0.6995055578881045,0.0014532376469663184,21.330772491055153,5.882835730564658e-101,2.6558552141945027e-99
CD19,CD19,4,932,0.6498052270909058,-0.0010325093230046415,21.186572718715254,1.2701282933632601e-99,5.6170775749350705e-98
MS4A1,CD19,4,932,0.6506818815235386,-0.0011211093530681035,21.14078315427884,3.3546503461521883e-99,1.4539054600223584e-97
CD3G,CD56,0,3446,-0.3548425658173541,-0.0003053246640007326,-21.098804201195318,8.157299903129806e-99,3.466052723545547e-97
CD3G,CD14,0,3446,-0.36168523406079955,-0.0003712171438920743,-21.08666202195865,1.054443322068929e-98,4.394189767160325e-97
CD79A,CD19,4,932,0.645451388961328,-0.0007087722751598716,20.887371172599718,6.975483083887493e-97,2.852051291091358e-95
CD8B,CD3,0,3446,0.34775178230540227,0.00032686751945588217,20.76376283377872,9.206765583152027e-96,3.6946409293871184e-94
GZMA,CD3,0,3446,0.3473607878806221,0.00040912794407491743,20.679751140402455,5.2712051459767064e-95,2.0768548275148224e-93
CD8A,CD3,0,3446,0.3465072052643203,0.0006445657874298222,20.31472416787873,9.528369495433974e-92,3.6871386958223967e-90
CD3D,CD56,1,2427,-0.42791075362062236,-0.00027684412114485033,-20.305450893474852,1.1508305860149123e-91,4.375175227884763e-90
CD3E,CD45RO,1,2427,0.3936749013865293,-7.140661188549011e-05,19.90850812717644,3.433892338002163e-88,1.2829732235259807e-86
CD79A,IgM,4,932,0.6341824873295286,0.00036437821644018294,19.7409327923532,9.598951794674994e-87,3.525581108315375e-85
CD19,IgM,4,932,0.6197720577665164,0.0005658504794155966,19.666504415625376,4.175953731826687e-86,1.508215289478072e-84
CD3G,CD45RO,1,2427,0.3930638045978224,0.00016185612660493147,19.530959289542576,5.990355439848103e-85,2.1280492193689905e-83
CD3D,CD45RO,0,3446,0.3339618423349278,0.0001194868863069103,19.216080121552032,2.715242256123689e-82,9.490209627451668e-81
MS4A1,IgM,4,932,0.6179393953720078,0.000564372421934654,19.200582494308424,3.6596489936175285e-82,1.2588030744712991e-80
CD3E,CD45RO,0,3446,0.3287016280790093,0.00031476734808579644,19.0853925589439,3.33958518089514e-81,1.1307626698437137e-79
CD3G,CD45RO,0,3446,0.3289300349853188,0.0005638462983150402,18.795377249899637,8.239223417712943e-79,2.746830330182146e-77
MS4A1,IgM,0,3446,0.31681719760472227,-7.831136529333986e-05,18.722212987936892,3.2630841670232113e-78,1.0713793015059544e-76
CD3D,CD45RO,1,2427,0.3797277014093579,-0.00029784141972186596,18.663707325693647,9.771099398158968e-78,3.1602943874344e-76
CD79A,IgM,0,3446,0.30957284976894717,-0.0002783903685881923,18.439315890774928,6.354006447727543e-76,2.0248723488567035e-74
CD19,IgM,0,3446,0.3127049811603538,-0.000521755222533673,18.27863561648276,1.224511067874052e-74,3.845674614613146e-73
MS4A1,CD19,0,3446,0.30083114792571897,0.00028522143359887463,17.80798487562062,6.1276528604078176e-71,1.8969462497862485e-69
CST3,CD14,4,932,0.5898240567804969,0.0004982453680168944,17.607294984538203,2.1654937588343555e-69,6.609330951259223e-68
LYZ,CD14,4,932,0.5904295913428109,0.0013041102505284086,17.589267874039503,2.9769890991400186e-69,8.959910246995028e-68
CD79A,CD19,0,3446,0.2931150375195978,0.00013191177542426946,17.567229437366045,4.39099251529488e-69,1.303463120636165e-67
LYZ,CD3,0,3446,-0.3024942523832396,-0.0004350518063179908,-17.44309166421024,3.8847856983415105e-68,1.137612244365683e-66
CD19,CD19,0,3446,0.2937361437372163,-0.00015144076137242195,17.230797205339464,1.5598662316701017e-66,4.50697349870548e-65
CD14,CD3,0,3446,-0.29627938302295304,-0.00011508783442730769,-17.18804318717188,3.263629015951659e-66,9.30563694416743e-65
CD14,CD14,4,932,0.5738300874976665,0.0005597052717372647,17.162066150728865,5.106423177538851e-66,1.4370933799645051e-64
CST3,CD3,0,3446,-0.2965993157000421,-0.0005571219629919178,-17.10603133132274,1.3381203419490564e-65,3.7175727961584684e-64
LYZ,CD4,0,3446,-0.2988510299685058,0.0005661492437014447,-16.990899852513607,9.590648185399529e-65,2.6307512174380735e-63
GZMA,TIGIT,0,3446,0.28485162857850665,-0.0003684067346694838,16.84729627951547,1.09821995171942e-63,2.974803294219979e-62
CD14,CD4,0,3446,-0.2952918235964305,0.000542288239810072,-16.70014696995189,1.3074236097425756e-62,3.4977616818668656e-61
CD8B,TIGIT,0,3446,0.2799140389940182,-4.113206805550793e-05,16.477233302833575,5.347670776003406e-61,1.4132198258048024e-59
CST3,CD4,0,3446,-0.28971884851811536,0.00020962674220000596,-16.355500183715357,3.974316877658884e-60,1.0376318884200964e-58
CST3,CD14,2,938,0.5134215335507615,0.0004257548174420106,16.287805226317182,1.2047575721096262e-59,3.1079876890018573e-58
CD8A,TIGIT,0,3446,0.2730552179093655,8.3056031594064e-05,16.248968871641296,2.2715279988156504e-59,5.791060204039429e-58
KLRB1,CD56,0,3446,0.2677881435635953,-0.00017055797554575607,16.073949079935296,3.8852642515754174e-58,9.789962364144105e-57
CD3D,CD16,2,938,-0.5279119240071,-6.44870713243519e-05,-16.008869738862245,1.108043989955493e-57,2.7599210646362687e-56
LYZ,CD14,2,938,0.5106915933452497,0.0008109884397026465,15.96726764014821,2.1604479891235743e-57,5.320103173216801e-56
CD3D,CD4,4,932,0.5015138207687068,0.0010729014239452286,15.846554546244322,1.4850268989973989e-56,3.615790213626251e-55
CD3G,CD16,2,938,-0.5266961339192955,4.4401142278251095e-05,-15.814504914024331,2.47144807492249e-56,5.9506977537300396e-55
CD3E,CD16,2,938,-0.5227576644180352,0.00036303525403721617,-15.756751601190167,6.172515070100552e-56,1.4698725447151535e-54
KLRB1,CD56,1,2427,0.3199364938488627,0.00033810351985672334,15.598659289145845,7.433891934312734e-55,1.7510047632234453e-53
CD3G,CD4,4,932,0.4894850713790988,0.0005786027083634942,15.383633976814723,2.107780271289192e-53,4.9113546751437405e-52
CD3G,CD19,0,3446,-0.2559256385448283,-0.00047398586023547634,-15.371140130183543,2.5563075547667465e-53,5.893104756573979e-52
CD3E,CD4,4,932,0.4956150595527856,0.0005916519112017321,15.344993218050847,3.8259936997115844e-53,8.727292997131582e-52
CD3D,CD19,0,3446,-0.2546907969688258,-0.00024034762560087665,-15.335530591344826,4.426411058343565e-53,9.99170079524011e-52
CD3E,CD19,0,3446,-0.25299221360582336,-0.00027439136511678053,-15.307337344657594,6.830342666714115e-53,1.5259126349246896e-51
NCAM1,CD56,0,3446,0.26079165584107006,0.0003314455787779173,15.263838440679994,1.3317820924220748e-52,2.9448691778353427e-51
CD14,CD14,2,938,0.48819248126435216,0.00023167956972121095,15.138479422842357,9.027695752863057e-52,1.976062292571136e-50
NKG7,CD56,0,3446,0.2550922897985493,0.00022429165291351373,15.057628871301281,3.0762370954714383e-51,6.666205785886608e-50
CD14,CD8a,0,3446,-0.2627150465733119,-0.00040548165167334876,-15.02792930292958,4.8183350275151815e-51,1.0337952479827126e-49
CD8B,CD14,0,3446,-0.2649722191018767,-0.0009043133244612062,-14.929826632343133,2.1081348048224972e-50,4.478753060833678e-49
LYZ,CD8a,0,3446,-0.26440255601432244,-0.0006930998118321356,-14.886105441399906,4.057246464265505e-50,8.535973871906165e-49
GZMA,CD14,0,3446,-0.2580026621384315,-0.0009044491360580103,-14.72415699234156,4.510593070779835e-49,9.39851460036529e-48
CD8A,CD14,0,3446,-0.2563971008215724,-0.0009278476898993952,-14.505731030836234,1.1144383246299977e-47,2.299988428069719e-46
CST3,CD8a,0,3446,-0.25827497422437723,-0.0005147558713520015,-14.491482793300404,1.371498208194381e-47,2.803808129393607e-46
CD8A,CD8a,2,938,0.4772067507888792,-0.0004221608275398319,14.48350633569148,1.5403475317725946e-47,3.1195636461226284e-46
CD14,CD16,4,932,0.4967518148123746,-0.0008010229552194161,14.479261513288366,1.6384806106128085e-47,3.2875810029610702e-46
NCAM1,CD56,1,2427,0.29278981999976894,0.00030010906246255245,14.459448998420728,2.185402817505774e-47,4.344741197738544e-46
NCAM1,CD8a,0,3446,0.24708098507957765,1.765468457831005e-05,14.313005690789392,1.814963233271024e-46,3.575477569543918e-45
LYZ,CD16,4,932,0.4784658462166026,-0.001003101733444493,14.308188124523012,1.945153496392459e-46,3.797430294308521e-45
CST3,CD16,1,2427,0.2986118035939498,-0.00010446469603861598,14.248461607154857,4.582654757873073e-46,8.866618625277634e-45
KLRB1,CD16,1,2427,0.2831748364842051,-1.9638710806283794e-05,14.136091059381624,2.2757923403229987e-45,4.3642849570618924e-44
CST3,CD16,4,932,0.47741878543873323,-0.0013853740001010144,14.086314814421971,4.6099814225155694e-45,8.763008546132665e-44
CD3D,CD3,2,938,0.4460007940620315,-0.00020717959085689687,14.067127939153632,6.047601358685895e-45,1.139578447328029e-43
LYZ,CD16,1,2427,0.29888818439274584,0.0005001619776013269,14.037610522945288,9.175447166348782e-45,1.7140684490929147e-43
CD3G,CD3,2,938,0.44234934576061824,-0.00035973169032829633,13.974854036250829,2.2196821902773963e-44,4.111154962676169e-43
CD8B,CD8a,2,938,0.45725153688808,-0.0009266262153830292,13.951597192774454,3.0763797386189764e-44,5.649588892870612e-43
CD3E,CD3,2,938,0.44775903091891717,-0.0005120045231594722,13.934011525542891,3.936120649699694e-44,7.167708779747258e-43
CD8A,CD19,0,3446,-0.24033349299356768,0.00018479620606810817,-13.920205164457723,4.775313759360341e-44,8.623420763778217e-43
CD3G,CD3,4,932,0.44325512117290633,-0.0011387685150183347,13.871059452678276,9.486516539198922e-44,1.6989488711110796e-42
KLRB1,CD8a,0,3446,0.2396375780500454,-6.729531770039849e-05,13.85771206059764,1.1425844106408958e-43,2.029492145785919e-42
CD3E,CD56,2,938,-0.4650724415354196,-0.0005873698539598914,-13.838552205247122,1.4918104281447387e-43,2.6282546323493077e-42
NKG7,CD56,1,2427,0.2877018559470435,0.000450667160071649,13.788893061225085,2.9728653919300844e-43,5.195322019606849e-42
CD3D,CD56,2,938,-0.46140339658280866,-0.0007240187287205709,-13.760558354569776,4.40114596707787e-43,7.629826648526195e-42
GZMA,CD8a,2,938,0.46307787681739143,-0.0005225721374547595,13.690342789039091,1.1596090737801798e-42,1.9943435419695632e-41
NCAM1,HLA-DR,0,3446,-0.22301593355836566,-0.0001308300696359163,-13.689356409975549,1.1754577270429795e-42,2.0056825940961705e-41
CD8B,CD19,0,3446,-0.23843568067733992,0.00010945361580076065,-13.685030132035507,1.2475542359432705e-42,2.1120703353820837e-41
NKG7,CD8a,0,3446,0.23381326536181404,-0.00024690406852757456,13.610384165076056,3.47412833308074e-42,5.835996975027879e-41
GZMA,CD19,0,3446,-0.23401216144697853,0.00039254911853976363,-13.57124258638178,5.930800122961645e-42,9.886187589582988e-41
CD14,CD16,1,2427,0.2797500031502041,0.0002730899018514098,13.567285360768475,6.259775472034441e-42,1.0354911028930255e-40
CD3G,IgM,1,2427,-0.2720977449311209,-0.0002070219388352893,-13.481015603955202,2.0230280830391408e-41,3.321137769655923e-40
CST3,HLA-DR,4,932,0.4286592445417756,-0.0007250834782531216,13.474755468654957,2.2021371552498482e-41,3.587993395057459e-40
CD3D,IgM,0,3446,-0.23054407240162936,0.00013362378825060393,-13.44925266058079,3.1099955828271655e-41,5.029373453721244e-40
CD3G,HLA-DR,1,2427,-0.26574963377660993,0.0005907607476495725,-13.424541545624102,4.3426346889936846e-41,6.970732867443937e-40
CD3D,CD3,4,932,0.44036867748059666,-0.0005944653432526426,13.376695563970715,8.274501831893536e-41,1.3184445198318597e-39
NKG7,CD161,0,3446,0.23405190111450375,3.457338826468995e-05,13.374029188073248,8.576617823835288e-41,1.3566080893613918e-39
NKG7,CD16,1,2427,0.270710988400141,-2.4365163705595535e-05,13.351429148551997,1.161980175989156e-40,1.8246456821510878e-39
CD3D,IgM,1,2427,-0.2661204204929142,0.00017635678674666726,-13.337306258172726,1.4044326525722874e-40,2.189500401528163e-39
NCAM1,CD161,0,3446,0.22732966577763727,-0.00015655843596594743,13.248949441765868,4.575635122192715e-40,7.08242950699401e-39
CD3E,CD14,2,938,-0.41985819650175576,-0.0011815784807445834,-13.202116368149015,8.530428588954908e-40,1.3110240249833534e-38
CD3E,IgM,1,2427,-0.26882513581938555,-0.0005313199757186427,-13.197511000891522,9.068207333400525e-40,1.3838595275689394e-38
LYZ,HLA-DR,4,932,0.42539930440763213,-0.0005167750649019954,13.195959445253704,9.256873195732414e-40,1.402772322737912e-38
CD8A,CD4,1,2427,-0.261064983848513,8.219025150754593e-05,-13.187784808522357,1.031725599983323e-39,1.552603732752681e-38
CD14,CD14,1,2427,0.2569337097753924,-0.0006192774466799794,13.165992453764884,1.3771600999428926e-39,2.0581420252249988e-38
NCAM1,CD16,1,2427,0.2634682673193492,0.0002630775382338358,13.128692861776944,2.2551559496758748e-39,3.3472074951696034e-38
CD14,HLA-DR,4,932,0.4235072659113877,-0.0002558621662655003,13.124701663484203,2.3771707038911147e-39,3.504305384579623e-38
CD3E,CD3,4,932,0.4296023281925889,-0.0011970338959520987,13.118154473943495,2.5916968401699192e-39,3.794734495032578e-38
KLRB1,CD161,0,3446,0.22404091040177215,-1.7202598941589883e-05,13.07099605143565,4.822984212162248e-39,7.014366971648048e-38
CD3G,CD14,2,938,-0.42225352406864625,-0.0011233507402483242,-13.06608420540346,5.144638474391275e-39,7.432287716003928e-38
CD3G,CD56,2,938,-0.43493577526076416,-0.0007810035807474248,-12.993798528335159,1.3267499522975716e-38,1.9040179778998924e-37
CD3D,CD14,2,938,-0.41940896649682397,-0.001016177346345143,-12.98021524625442,1.5843470204266194e-38,2.2587368376740026e-37
LYZ,CD14,1,2427,0.26032273493624286,-5.8982345223973396e-05,12.956299651023695,2.1643905096586714e-38,3.0655125715230985e-37
CD3G,IgM,4,932,-0.42237327224529525,-0.00019399199159879217,-12.935683564877358,2.830939086064728e-38,3.978041623079579e-37
NKG7,HLA-DR,0,3446,-0.21293434369118105,0.00016092853244623203,-12.935292202809354,2.8453920238917156e-38,3.978041623079579e-37
CD3G,IgM,0,3446,-0.2219520155217749,-0.00031977965712954193,-12.88569365317006,5.418611125362636e-38,7.527006608115919e-37
CD79A,CD19,1,2427,0.25563157518118895,-0.00030317530312273523,12.876824402229058,6.078555775388652e-38,8.389955646667012e-37
CST3,CD16,2,938,0.4103633022508201,-0.00021612099272515673,12.837655799771436,1.008831570460549e-37,1.3836316539164618e-36
KLRB1,HLA-DR,0,3446,-0.2127627178694434,-8.877463408587685e-05,-12.832457240102991,1.0788728743223002e-37,1.4703883765134746e-36
CD19,CD19,1,2427,0.2542002117326929,-0.00015913596641932507,12.82205565619135,1.2338532211153347e-37,1.6710999563480814e-36
CD3E,HLA-DR,1,2427,-0.2528427408290709,0.00048365049177021084,-12.804568989556453,1.5458171660709511e-37,2.0806122974383546e-36
CD8A,IgM,0,3446,-0.2172847478129588,0.000768177025593291,-12.771797502749529,2.3564887086509236e-37,3.151090088220921e-36
CD3D,HLA-DR,1,2427,-0.2487520371005849,0.0007747568604011442,-12.771345164273008,2.3702246625750354e-37,3.151090088220921e-36
LYZ,CD16,2,938,0.4043965387364074,-0.0001435695014377014,12.740292761137255,3.530674424382052e-37,4.6652265107536015e-36
CD8A,CD56,1,2427,0.2511267724908463,0.0004080407470007837,12.723191356816498,4.395347973889359e-37,5.772557005708025e-36
GENE_10609,CD8a,0,3446,0.21378755205705866,-5.535666041377407e-05,12.672058531517377,8.44682503009345e-37,1.1026668578441269e-35
CD8A,TIGIT,1,2427,0.24759155507310368,-0.0005665817351305394,12.668432739005762,8.846421468467245e-37,1.147915887555001e-35
CD3E,IgM,4,932,-0.41326307014902114,-0.00018586456307925696,-12.664676111419325,9.28025980690605e-37,1.1970430358074649e-35
CD3E,IgM,0,3446,-0.2141882414547272,-9.99642143439967e-05,-12.654093029929038,1.0619486971499082e-36,1.3616821459904445e-35
LYZ,CD3,2,938,-0.4034885912199019,-0.0005591317343407583,-12.632702042371072,1.3940758316992748e-36,1.7770366631131343e-35
CD8B,CD4,1,2427,-0.2532805267381968,2.348751984365394e-05,-12.62854986958505,1.469615778690637e-36,1.8623727441067898e-35
GZMA,IgM,0,3446,-0.21073650785950143,0.000872325424529867,-12.626752551807623,1.5035628030872871e-36,1.8943142990059021e-35
MS4A1,CD19,1,2427,0.2520914816169554,-0.00022852337083161493,12.570207922072509,3.0791305252410846e-36,3.8569224556054513e-35
GZMA,HLA-DR,1,2427,-0.2517708982387613,0.0006548594404930471,-12.557484560234862,3.616482526748067e-36,4.5039756525649776e-35
GENE_11105,CD8a,0,3446,0.21969071649534855,0.0007489934710541914,12.541992734545717,4.397954178823002e-36,5.445923831719683e-35
CD8A,CD56,0,3446,0.21541577233397308,0.0004528829710632552,12.541227030297115,4.4406596614003044e-36,5.467562208099125e-35
CST3,CD14,1,2427,0.24982462983280232,-0.0004348930401734946,12.499502251773885,7.512014807331374e-36,9.196913043778017e-35
CD3D,IgM,4,932,-0.4040984059175576,-0.0002210315398246466,-12.492688464334337,8.184056675291861e-36,9.963399334470486e-35
CD8B,IgM,0,3446,-0.21100339428015233,0.0008040181916458735,-12.438752502989212,1.6099872369805902e-35,1.9490739343781784e-34
CD8B,CD56,0,3446,0.20796926877667082,0.0005188514191180103,12.4204890517231,2.0232091537814014e-35,2.43571902013572e-34
CD3G,TIGIT,0,3446,0.21120234795671536,-0.0004057986012211841,12.396584626783216,2.7270108460112644e-35,3.2517896990619237e-34
CD8B,CD56,1,2427,0.24613738578914804,0.0005001976733361202,12.39646502131291,2.7310831805688515e-35,3.2517896990619237e-34
GENE_19228,CD8a,0,3446,0.21520271696564663,0.0002516646906030426,12.37375874425091,3.6245432281843575e-35,4.292013757090439e-34
CD3G,CD45RO,2,938,0.4110541038696941,0.00028473565039019183,12.33250884804518,6.053221401544831e-35,7.128984118015026e-34
CD3D,CD45RO,2,938,0.40651094943840055,-0.00062606850542785,12.330515637777838,6.204838969349903e-35,7.268046511665535e-34
CD14,CD16,2,938,0.39725941776883184,-0.0013342758408057952,12.326793647161516,6.498131364870419e-35,7.570672401975375e-34
GZMA,CD56,1,2427,0.24078182699784817,0.0006850242553681869,12.268202022094775,1.3420032274120353e-34,1.5551449164715937e-33
GENE_17396,CD8a,0,3446,0.21661968865077347,0.00044475205239810726,12.25437776389015,1.591663394504045e-34,1.8346460510054603e-33
CD19,IgM,1,2427,0.24791199919828394,-5.494467398809314e-05,12.218837266039174,2.465862477063597e-34,2.827261369204664e-33
CD8A,HLA-DR,1,2427,-0.24742734169275066,0.0007155924944218741,-12.20730195398681,2.8415664032600575e-34,3.240881260981339e-33
CD3E,CD45RO,2,938,0.4095291041585922,-1.5758452363615456e-05,12.20300069818854,2.99576840586649e-34,3.3988639452945984e-33
GENE_01161,CD8a,0,3446,0.21381637797131742,0.00053016675443054,12.194292382707786,3.3338740704337833e-34,3.762763078453129e-33
GZMA,CD4,1,2427,-0.24723104450124603,-0.0003946564740815007,-12.192348348396267,3.4143823194180865e-34,3.833661391802587e-33
GZMA,TIGIT,1,2427,0.2412472999271901,-0.0004389674888817969,12.190163822223427,3.5071564322878187e-34,3.917529891117373e-33
LYZ,CD4,2,938,-0.3952616564845677,-0.0002770927075348587,-12.183270591936589,3.8166370674247613e-34,4.2413602692869016e-33
CD8B,TIGIT,1,2427,0.2387431546395555,-0.0010283138469192748,12.16562586537238,4.737998991470476e-34,5.23838970128394e-33
CD8B,HLA-DR,1,2427,-0.2507613709283346,0.0007141064119121658,-12.158050946756127,5.198418900046353e-34,5.7182607900509884e-33
GENE_16888,CD8a,0,3446,0.21102491097436676,0.00030585374600328885,12.131832296173858,7.162857467044195e-34,7.839349561153925e-33
GENE_04613,CD8a,0,3446,0.21184942439943993,0.0004220913640187061,12.128337441692004,7.475165022072326e-34,8.140041508960167e-33
CD14,CD56,0,3446,0.20828527420539808,-9.09196478797648e-05,12.107693925102717,9.61597467358116e-34,1.0418908558825186e-32
NCAM1,CD161,1,2427,0.24109681844263312,0.0007060032721466926,12.069663414523509,1.5275781674464126e-33,1.6468964621176002e-32
GENE_10069,CD8a,0,3446,0.2102363215779029,9.707612457136848e-05,12.04684839997812,2.0150817419542887e-33,2.161723829116309e-32
CD79A,IgM,1,2427,0.24743078506467828,-0.0008413465780711737,12.028783307587384,2.5082986145401144e-33,2.677577880644546e-32
CST3,CD3,2,938,-0.3821113240355928,-0.0008928271592705267,-12.028277517321072,2.5237101011785743e-33,2.680823426104888e-32
GENE_11354,CD8a,0,3446,0.2127238658903311,-0.00011991039976705652,12.017876673905869,2.8623235414491084e-33,3.0256854216196187e-32
GENE_10844,CD8a,0,3446,0.20752507134807388,-6.373393847033426e-05,12.011139009248817,3.105381975129048e-33,3.2666809417983726e-32
CD3G,CD19,1,2427,-0.24206161623705116,8.933999424250026e-06,-12.001859728469116,3.474014676095436e-33,3.636806668163676e-32
GENE_05607,CD8a,0,3446,0.2113866730110793,0.0006399600803693713,11.972476179243468,4.952808033342606e-33,5.159968753967994e-32
CD3E,TIGIT,0,3446,0.2007195246324176,-0.00040212521970951775,11.963990061393835,5.48610215833189e-33,5.688221711533591e-32
CD3G,CD19,4,932,-0.38084536405110775,0.0011151500141839837,-11.952869901841561,6.272123616575043e-33,6.472234227199104e-32
GENE_07154,CD8a,0,3446,0.2095355545069002,0.0006618466229077271,11.94265272923316,7.09245046528341e-33,7.284047468374004e-32
CD3G,CD25,2,938,0.3884754679916364,0.00021814885839173604,11.93741605486315,7.553338185960554e-33,7.720794268385152e-32
GZMA,CD56,0,3446,0.20312828302850763,0.0004724913653488613,11.926357294212389,8.626645501059816e-33,8.776498028543014e-32
LYZ,HLA-DR,2,938,0.38121284777432746,0.00013692197806197646,11.918608876378588,9.46761634411504e-33,9.58706757836322e-32
GENE_14089,CD8a,0,3446,0.2089689415723791,6.45941667156241e-05,11.910574909932325,1.042559369993366e-32,1.0508028626863369e-31
GENE_15546,CD8a,0,3446,0.20807264208632736,1.2540731972357264e-05,11.90687798318116,1.0898177924211096e-32,1.0933496093409929e-31
GENE_04125,CD8a,0,3446,0.20618904628981202,0.00011102282742701212,11.897482440023456,1.2197142296854521e-32,1.2180279888149191e-31
CD3G,CD25,1,2427,0.23878803128137635,0.0011296933967964915,11.895020508094536,1.256221591089598e-32,1.2487303614179629e-31
CD3D,CD25,2,938,0.3848626133379542,0.0006207752513584822,11.844947871077846,2.2856043142062528e-32,2.261600250632397e-31
MS4A1,IgM,1,2427,0.24383765336157817,-0.0005144999937193015,11.835098438638994,2.5704176051553347e-32,2.5318613410780046e-31
GENE_09438,CD8a,0,3446,0.20618788869916577,0.00014047712021267978,11.832845311849706,2.640371389300594e-32,2.5889976473368263e-31
GENE_19877,CD8a,0,3446,0.2074443074779757,0.0003928823094019852,11.803050509533932,3.7641394969075774e-32,3.6742749053147387e-31
CD3D,CD25,1,2427,0.23906571488662576,0.0009103156143704857,11.80222391229661,3.801304787426761e-32,3.693913665629503e-31
CD3D,CD19,1,2427,-0.24079429568622585,8.384115283850227e-05,-11.784311880171867,4.7024493299470417e-32,4.549199865176447e-31
GENE_04161,CD8a,0,3446,0.20546172444625063,-0.00025153906041414705,11.76145582151731,6.166180438198495e-32,5.938716893144951e-31
GENE_19000,CD8a,0,3446,0.20805916943963768,0.0002139232211193938,11.753910338591387,6.742493238028774e-32,6.465036657879803e-31
NKG7,CD161,1,2427,0.23975006536634919,0.0006444874631786372,11.74814645833236,7.218483822220735e-32,6.890949093723494e-31
LYZ,CD56,0,3446,0.20145543145257885,0.0003768751209292651,11.716581910807285,1.048163148334478e-31,9.962147115968483e-31
CST3,CD4,2,938,-0.3841799591760122,-0.0006541579216565121,-11.715209030415698,1.0652817365021222e-31,1.0080635471616153e-30
GENE_09688,CD8a,0,3446,0.20553561494777253,0.0002662190384625814,11.709133875397992,1.1444268753665358e-31,1.07824914735621e-30
GENE_13035,CD8a,0,3446,0.2056187082363886,0.0002714611869203967,11.692179541946203,1.3975341675727024e-31,1.3110201476753445e-30
CD3D,TIGIT,0,3446,0.1964696364149953,-0.0002920667140720165,11.683620793866181,1.5456817788474735e-31,1.4437467305010669e-30
CD14,CD3,2,938,-0.3787086177386572,-0.000508338948790451,-11.672201207328227,1.7678887646338664e-31,1.644212426163772e-30
CD79A,CD4,1,2427,-0.2382040411893551,0.0013081273222047775,-11.651663237671373,2.250234817351399e-31,2.0838713030771287e-30
CD3E,CD19,1,2427,-0.2356680589479995,-0.0001590899847770293,-11.647287939681144,2.3687792514173807e-31,2.1843168671580696e-30
GENE_16888,HLA-DR,0,3446,-0.1944775036451039,-0.00018416769856883968,-11.611164156512206,3.6165782635293286e-31,3.3208157190966334e-30
CD3E,CD25,2,938,0.37979689428815305,0.0008523095886142759,11.603618042797134,3.950174847112663e-31,3.611826537423266e-30
CD8A,PD-1,0,3446,0.19043804023077776,0.00019031076324484202,11.560671995471974,6.519657343412035e-31,5.936175404694908e-30
CD14,IgM,4,932,-0.367961274048385,0.0004161698844416302,-11.55990958303207,6.577801219822596e-31,5.964056587178061e-30
CST3,CD56,0,3446,0.2013037734867369,0.00036679018870402683,11.541941476604478,8.107437534548696e-31,7.320340473902927e-30
KLRB1,CD161,1,2427,0.2362653506413916,0.00021774800469237892,11.501162453254707,1.3015063821064713e-30,1.1702756556119184e-29
GENE_16987,CD8a,0,3446,0.1986846596598557,-7.15078383219071e-05,11.498288262544717,1.3455744792842089e-30,1.204900783722678e-29
PF4,CD8a,0,3446,0.20487032151837128,0.00026286035958887426,11.496565880190836,1.3726890553266676e-30,1.2241222974867853e-29
GENE_15449,CD8a,0,3446,0.1985801100383291,0.000658605775499538,11.481040583573765,1.642912052183648e-30,1.4590944332303135e-29
CD3D,CD25,0,3446,0.19544148751235874,-0.00011649534849710599,11.476154283053917,1.7384217199103693e-30,1.5376162722635797e-29
CD19,CD4,1,2427,-0.23458110611216834,0.0008904639225584502,-11.475760282957413,1.746358918393464e-30,1.5383576325848114e-29
GENE_06740,CD8a,0,3446,0.20269662831265425,0.0004231884445770169,11.474411544240374,1.773802789048762e-30,1.5562067384083674e-29
CD3E,CD14,1,2427,-0.2211827945681052,0.00028043749616329033,-11.456621920722933,2.1784677397375316e-30,1.9035240290367867e-29
CD14,HLA-DR,2,938,0.36301914408235864,-0.00032038105341639225,11.42558056939477,3.1156636906906485e-30,2.7115033002918214e-29
GENE_11105,HLA-DR,0,3446,-0.19501070684358915,-0.0007621988156047519,-11.411462190623103,3.66515772628332e-30,3.176958717142382e-29
GZMA,CD3,1,2427,0.22675508406844092,-2.4526880070859208e-05,11.403500363296384,4.016389552118285e-30,3.467536318502121e-29
CD3E,CD25,1,2427,0.22720305373300026,0.0005093879889589254,11.392406290293037,4.562140880863162e-30,3.923079082869235e-29
CST3,HLA-DR,2,938,0.3644851493706677,-0.0004055650569447076,11.380653600462198,5.220698349320882e-30,4.471641629635712e-29
GENE_04613,HLA-DR,0,3446,-0.18949317967933374,-0.0003579343523255637,-11.367326406675286,6.082214270911384e-30,5.1890387106555e-29
CD3E,CD25,0,3446,0.19261089058845624,-0.00027950732341851513,11.36178937615395,6.480350988076237e-30,5.507027682808316e-29
CD8B,CD3,1,2427,0.22185869062089783,0.00012197684023440549,11.33330794458478,8.974986889835177e-30,7.597186168075324e-29
GENE_15449,HLA-DR,0,3446,-0.18598069385094174,-0.0003530995279933303,-11.299532764957357,1.31917987865657e-29,1.1123201544936914e-28
CD8B,PD-1,0,3446,0.1863318187529651,0.00027913783101892365,11.2881905194564,1.5009483051974608e-29,1.2606802237840689e-28
CD8B,CD8a,4,932,0.36804432770694684,-0.00025457969551890685,11.286313442190835,1.5333393562619105e-29,1.2829136621697143e-28
GENE_02017,CD8a,0,3446,0.20073917782809889,-0.0003651640704332605,11.278524845809075,1.6753163929753627e-29,1.3963117782990812e-28
GENE_19032,CD8a,0,3446,0.19623125131472394,0.00012440586872957467,11.267149142806002,1.9064298767845436e-29,1.5828481007632588e-28
CD3D,CD14,1,2427,-0.21698894721170728,0.00012024492896796463,-11.25739048831854,2.1297194465589077e-29,1.761489328508837e-28
CLEC9A,CD8a,0,3446,0.1968565893615679,-1.0208427890020627e-06,11.247600226049457,2.3797893120731155e-29,1.9608378096054909e-28
GZMA,PD-1,0,3446,0.1879901124817036,-5.6767847848602104e-05,11.216668780077729,3.377547780323007e-29,2.772403803015135e-28
GZMA,IgM,1,2427,-0.22482736882165796,-8.139063867942507e-05,-11.215484400241955,3.423070698375699e-29,2.799167623917034e-28
GENE_02320,CD8a,0,3446,0.19686672713635042,0.00024315590663105002,11.213115635596044,3.5159510050358264e-29,2.8643104616212915e-28
GENE_04161,HLA-DR,0,3446,-0.18946401059454732,-8.544373534117754e-05,-11.200508768120262,4.0539857392695064e-29,3.2902573396992585e-28
GENE_13035,HLA-DR,0,3446,-0.18638299129375754,-0.00021487036099474135,-11.172754728289407,5.543453050730087e-29,4.482336851094067e-28
LYZ,TIGIT,0,3446,-0.18244940573883958,-0.000445138154776967,-11.166987571717176,5.915312615036859e-29,4.765235106611476e-28
GENE_06740,HLA-DR,0,3446,-0.18450623901790644,-0.0002499610138058471,-11.154023421063968,6.844014585263229e-29,5.475673775896286e-28
GENE_07285,CD8a,0,3446,0.19659072146984677,0.0002486661850757061,11.15397487592177,6.847750776501585e-29,5.475673775896286e-28
CD14,CD19,4,932,-0.36057746562753934,0.0011729581875379244,-11.147167322580097,7.392229762217228e-29,5.88932422600174e-28
MS4A1,CD4,1,2427,-0.22695387180217946,0.0008085530545346847,-11.141336068275498,7.892630913594466e-29,6.264956479765277e-28
GZMA,CD8a,4,932,0.3664695264544538,-9.001752801909523e-05,11.13749642452885,8.240328948059886e-29,6.517077675345173e-28
GENE_17046,CD8a,0,3446,0.19673732064150184,0.0003477895714889741,11.136205477803609,8.360610610295263e-29,6.588161160912667e-28
LYZ,CD45RO,0,3446,-0.1935311579545483,-0.0006092596305928564,-11.133911142821502,8.578695538521068e-29,6.735519286947519e-28
CD14,CD4,2,938,-0.3667764734639312,1.4287275356011022e-05,-11.121664879979146,9.841804698708235e-29,7.699346852743951e-28
GENE_09688,HLA-DR,0,3446,-0.18701881204005966,-0.00022108773652247595,-11.110731488771261,1.112444663709115e-28,8.671466137617454e-28
CD8B,IgM,1,2427,-0.22317898379725692,9.812899911565645e-05,-11.101117034353573,1.2388575208915812e-28,9.622237447211671e-28
PF4,HLA-DR,0,3446,-0.1903320982840767,-0.00036084957024647325,-11.072702844079279,1.7018875038493727e-28,1.3171393645862823e-27
GENE_19228,HLA-DR,0,3446,-0.18510368208091102,-0.0003258395595907515,-11.052567269322553,2.1303408526278913e-28,1.6428642803005838e-27
CD3E,CD19,4,932,-0.3597659596289283,0.001276863502174009,-11.030700486869426,2.717401687366093e-28,2.0881593817455046e-27
GENE_01891,CD8a,0,3446,0.19452800439146384,0.00023918837229768372,11.01531636840873,3.224019864590877e-28,2.4687106171619895e-27
GENE_19000,HLA-DR,0,3446,-0.1876334100706081,-0.00036774695972031587,-10.993833373082738,4.0917036340496745e-28,3.1220851320371988e-27
CD3G,CD14,1,2427,-0.21416484661678387,-0.00011821142909456555,-10.97869371187654,4.838698787508972e-28,3.6791088675550676e-27
GENE_07154,HLA-DR,0,3446,-0.18931996194884082,-0.0006029683370432594,-10.966733021366538,5.523212741598931e-28,4.184895808057652e-27
GENE_07285,HLA-DR,0,3446,-0.18458525946490678,-0.000427301503342132,-10.952837367725893,6.439820601876134e-28,4.862401130406126e-27
GENE_17396,HLA-DR,0,3446,-0.18651446794447402,-0.0001768649097117119,-10.908226536628487,1.0529032931872526e-27,7.922366098391584e-27
GENE_16139,CD8a,0,3446,0.19598201450004676,0.00045461020002680007,10.89618918837961,1.2018611820828143e-27,9.011879521015428e-27
CD3G,CD25,0,3446,0.1834216947760633,-8.634862687399478e-06,10.888425874567458,1.308829122267645e-27,9.780112786048232e-27
CST3,CD45RO,0,3446,-0.18973261715408615,-0.0008546878663084377,-10.885005480164564,1.358904538383752e-27,1.0119402524665261e-26
GENE_10609,HLA-DR,0,3446,-0.18217824321703455,-0.0002750926256274399,-10.854926717872807,1.8895830364449987e-27,1.4023035753343535e-26
LYZ,IgM,4,932,-0.3433753610029964,-0.00010842971865074484,-10.851566533643588,1.9603629848398573e-27,1.4498657297433347e-26
GENE_10844,HLA-DR,0,3446,-0.18645755939799302,-0.00041387188325210124,-10.824451430274591,2.6365318213615672e-27,1.9433212438403116e-26
GENE_19877,HLA-DR,0,3446,-0.17967575394829405,-0.0006485649547722927,-10.811689655841853,3.030363103433822e-27,2.2260328288613874e-26
CD8A,CD16,1,2427,0.21906663249540795,0.00044422358742270384,10.803324778066203,3.319609628466281e-27,2.4302682651643346e-26
CD14,TIGIT,0,3446,-0.17778435374083604,-0.00011707580017090675,-10.785515200683145,4.029788786787568e-27,2.9402532999894476e-26
GENE_11354,HLA-DR,0,3446,-0.18398511964704586,-0.0003399504946239752,-10.778230669248094,4.361950549409743e-27,3.1719284699902396e-26
CD3D,CD19,4,932,-0.34997983146253464,0.001076587861996636,-10.77773494201668,4.385516931716384e-27,3.178399729441272e-26
GENE_02320,HLA-DR,0,3446,-0.18120322089643576,3.641186253827121e-05,-10.753148726047385,5.72724711426363e-27,4.136981498869762e-26
CD8B,CD38,0,3446,-0.17565210282148422,0.00039973093663562317,-10.740674865039779,6.556335784796621e-27,4.720126128124345e-26
MS4A1,CD16,4,932,-0.35668334849793554,0.0012037357188907874,-10.724540143234064,7.807445379902132e-27,5.60222984710196e-26
LYZ,CD19,4,932,-0.34152597059616396,0.0007827512233016402,-10.709903993486673,9.145660838896486e-27,6.540807603263592e-26
GENE_04125,HLA-DR,0,3446,-0.1840414241963326,-0.0008639823935774208,-10.70915553765284,9.219897033492248e-27,6.572209497229507e-26
FCER1A,CD8a,0,3446,0.18662201747072107,-0.0002372024770427327,10.703378794337445,9.813330978386621e-27,6.972291223004527e-26
GENE_09438,HLA-DR,0,3446,-0.18045619957635858,-7.174795064881991e-05,-10.699937757224891,1.0184660606375173e-26,7.212470435952614e-26
CD8A,CD8a,4,932,0.3468351900057931,-2.376602250711455e-05,10.696549431653805,1.0563907828575421e-26,7.456673701799003e-26
GENE_10069,HLA-DR,0,3446,-0.18455529264504647,-0.0003375085312484498,-10.690778114491252,1.1242378570732738e-26,7.909816351551249e-26
NCAM1,CD56,2,938,0.3565585467743004,-0.0016772942538840214,10.682160579790354,1.2336647632051886e-26,8.651623112833799e-26
CD8A,IgM,1,2427,-0.21627909625928343,0.00030363630541107114,-10.6804762746176,1.2562547304292881e-26,8.781625809162153e-26
CD19,CD3,1,2427,-0.2153486821812821,0.00030429427825958154,-10.66903806301946,1.4208971646928393e-26,9.900592141123417e-26
CD3G,HLA-DR,2,938,-0.3343118879677331,0.00022234213057181838,-10.650663064614475,1.7312745801995998e-26,1.202458979260427e-25
PPBP,HLA-DR,0,3446,-0.17824001656141672,-0.00029515081177240276,-10.647709592505311,1.7870793113616167e-26,1.2372526733931705e-25
NKG7,CD8a,1,2427,0.20365411018651922,-0.0010141948685038974,10.635542170427767,2.0364086607192853e-26,1.4053813910123222e-25
KLRB1,CD8a,1,2427,0.20693816138108698,-0.0010823015848500323,10.609024130626798,2.705600733023374e-26,1.8612815201465556e-25
PPBP,CD8a,0,3446,0.1830377171648412,0.0003332542700540974,10.596597442998299,3.0901938585161015e-26,2.1191297757608833e-25
CST3,TIGIT,0,3446,-0.1769533602618152,-0.00045307164711243616,-10.594826459643688,3.1492456386439015e-26,2.1528123971423768e-25
GENE_15546,HLA-DR,0,3446,-0.17746723273384035,-0.00022295870229760895,-10.574875735297004,3.896937517807333e-26,2.6555545915372616e-25
CD3D,HLA-DR,2,938,-0.33091481832644715,0.0006627375891473726,-10.561059242202498,4.5153748548018475e-26,3.067340849641255e-25
CST3,IgM,4,932,-0.33744075220093717,-0.00012904985691524872,-10.533902853097896,6.028209619939335e-26,4.0822282020026687e-25
GZMA,CD38,0,3446,-0.17270141100280156,0.0005380980503596456,-10.532827328558753,6.097502681699129e-26,4.116289193533337e-25
GENE_14089,HLA-DR,0,3446,-0.17716274421112405,-0.00036545160711214895,-10.486320929328002,9.984063465435603e-26,6.719088673788495e-25
NCAM1,CD8a,1,2427,0.2074295340821621,-0.0008169756081928007,10.473884598221229,1.138720289416151e-25,7.63964974354427e-25
GENE_01891,HLA-DR,0,3446,-0.17931779162524097,-4.702122140750924e-05,-10.467981280244821,1.212000454335429e-25,8.106188223903934e-25
CD3E,HLA-DR,2,938,-0.32590843160789745,9.868672697555977e-05,-10.462205403971364,1.2882176774357346e-25,8.589439098471498e-25
CST3,CD19,4,932,-0.3373735970491495,0.0012850761680679166,-10.437573652101808,1.6702520069436222e-25,1.1102564721002544e-24
GENE_02017,HLA-DR,0,3446,-0.1791566824136527,0.00033811872542953945,-10.427538056670759,1.8563579220773364e-25,1.2301919318475805e-24
GENE_16139,HLA-DR,0,3446,-0.1779987360092903,-0.000578895878417412,-10.406387502279744,2.318535159895779e-25,1.5317883205774858e-24
CD19,CD16,4,932,-0.3475238613975899,0.0006184958522256478,-10.401130328908376,2.4500938646087524e-25,1.6137852293638805e-24
GENE_01161,HLA-DR,0,3446,-0.18153205148732748,-0.0004947052487660935,-10.386340136757056,2.8612238888626664e-25,1.878870353686484e-24
NKG7,CD56,4,932,0.32836530254187263,-0.0001180613612231551,10.358297963154923,3.837293602488658e-25,2.5122100412667436e-24
MS4A1,CD3,1,2427,-0.21112383398850532,0.0005334486729846794,-10.34650029771486,4.3406353781477305e-25,2.83317977844763e-24
CD8A,CD56,2,938,0.33240777143453093,0.0006273643285572175,10.343508364152978,4.478357502929371e-25,2.9142945071615457e-24
CD14,CD45RO,0,3446,-0.1801452439468362,-0.0005121125488455286,-10.334754304867676,4.906678634237701e-25,3.183464850417095e-24
CD8A,CD3,1,2427,0.20610677941463532,9.429151387527352e-05,10.325081272439938,5.427282356725585e-25,3.5107226468729384e-24
CD3G,HLA-DR,4,932,-0.3319766054115015,0.0006684226493071499,-10.323932324392297,5.492646134449839e-25,3.542429813497857e-24
CD79A,CD16,4,932,-0.3445855591137532,0.0010910602895950689,-10.316687155456027,5.92317098949264e-25,3.8087571318191546e-24
GENE_05607,HLA-DR,0,3446,-0.17755095713305188,-0.000814665835153122,-10.306516256442046,6.584502777459782e-25,4.22148447300454e-24
NCAM1,CD56,4,932,0.3343281127194679,-0.0003971462178111749,10.301148100851828,6.9625306189512585e-25,4.450679602143769e-24
GZMA,CD56,2,938,0.32604907608608874,0.00098453917307519,10.292100215839909,7.648951296127795e-25,4.875081605502627e-24
NKG7,CD56,2,938,0.33873568599842424,-0.0012667293802129252,10.286212058072325,8.131249994533675e-25,5.16727822233269e-24
CD3G,CD8a,4,932,0.3284284841403497,-0.000618323739939649,10.270054259767296,9.615056706351113e-25,6.0923473341119475e-24
CD8A,CD38,0,3446,-0.17478173077079062,0.00042944277325078896,-10.269136012584218,9.707007984351889e-25,6.132678222183832e-24
CD79A,CD3,1,2427,-0.20972203267019363,0.0008913751054521398,-10.25673770796087,1.1037264842886367e-24,6.952835149574058e-24
KLRB1,CD56,2,938,0.34674432110923936,-0.0021663817593673405,10.221168331626338,1.5940787026384796e-24,1.0012662459761118e-23
GENE_16987,HLA-DR,0,3446,-0.16687447665639865,5.6553364571117746e-05,-10.130913586219052,4.028675880543538e-24,2.5231620326987994e-23
GENE_19228,CD3,0,3446,0.16763517941848793,1.2386020619028386e-05,10.12120989223354,4.448817851241831e-24,2.7782675168994375e-23
CD8B,CD56,2,938,0.31950509056141435,-0.0002602725630268623,10.10785298346962,5.0989427334663075e-24,3.1751175009831863e-23
KLRB1,CD56,4,932,0.3348946336351489,2.2957453228970275e-05,10.078275018659307,6.89255008247944e-24,4.27970086783179e-23
CD3D,HLA-DR,4,932,-0.32197900904693644,0.000634616292366692,-9.994708356673724,1.6075974672750147e-23,9.953324890242734e-23
LYZ,CD45RO,2,938,-0.32658795348780484,-0.000511100493074408,-9.943541553853162,2.6908662061593336e-23,1.661284065170164e-22
CD3E,HLA-DR,4,932,-0.32592209837133856,0.00037150932207220073,-9.863200718920393,6.010231050194663e-23,3.7000484902760893e-22
GENE_04125,CD3,0,3446,0.1614979244710505,0.0003678001942072787,9.793839282460679,1.1966386171120781e-22,7.345937346407573e-22
CST3,CD45RO,2,938,-0.3153839737304142,-3.760843934744226e-05,-9.742723559490774,1.9817053042523883e-22,1.2130947441567586e-21
GENE_19000,CD3,0,3446,0.16016043463521426,0.0001738407950401414,9.726037570783069,2.3351245429524136e-22,1.425412643543065e-21
GENE_13035,CD3,0,3446,0.16721247324750987,-0.00023326084912757134,9.705640308097927,2.8527939225320097e-22,1.736518098350243e-21
MS4A1,CD14,0,3446,-0.17232262984837893,-3.557603727236662e-05,-9.658852436427178,4.508862448023502e-22,2.736892135817067e-21
GENE_07154,CD3,0,3446,0.1602286297639387,0.0005213919722557353,9.642352334642881,5.296020429969298e-22,3.205719628978623e-21
CD14,CD45RO,2,938,-0.31566785675734516,0.00021002086373374539,-9.639730417904158,5.433046781074563e-22,3.2795020542029464e-21
CD8B,CD16,1,2427,0.19752561480431394,0.0002344228750414499,9.638470345729134,5.5001429998041865e-22,3.310780522382131e-21
CD14,HLA-DR,1,2427,0.19627604163375792,-0.000642086514504668,9.603764819869404,7.707649136301874e-22,4.626724564644366e-21
CD19,CD14,0,3446,-0.1677365803600454,0.00031401573179352417,-9.603391333956885,7.735639219926081e-22,4.6306989473977396e-21
GENE_16888,CD3,0,3446,0.16019785043422055,-0.00014886554996179383,9.588540943643137,8.93394090932468e-22,5.3332919973847334e-21
GENE_11354,CD3,0,3446,0.15957996900198781,-0.0002226016085266535,9.578786660868792,9.819165448707173e-22,5.845640529491331e-21
CD3E,CD4,3,171,0.7349176746167488,-0.0029580962023403362,9.57046681807106,1.064240477455898e-21,6.318381136018989e-21
GZMA,CD16,1,2427,0.1952770996127628,0.0007352779498300501,9.542571630188917,1.3933355762788876e-21,8.249612551356146e-21
GENE_07285,CD3,0,3446,0.16241119448386146,0.00029525707380187975,9.52787147001074,1.6054102579615696e-21,9.479357027255372e-21
GENE_17046,HLA-DR,0,3446,-0.162938662317718,-0.00019734689982545334,-9.51412598211009,1.832467805761709e-21,1.0790646019254411e-20
GENE_10609,CD3,0,3446,0.16051541011994802,0.00031189675776590285,9.500069481156737,2.0975030239538008e-21,1.2317856511945491e-20
CD3G,CD4,3,171,0.7475079379030508,-0.004319017689427532,9.468256289503696,2.8455395500647388e-21,1.666563298646024e-20
NCAM1,CD14,0,3446,-0.16278628371393286,-0.00014862641189477107,-9.451511177757277,3.339737166929402e-21,1.9507305770177937e-20
GENE_19877,CD3,0,3446,0.15773352481603317,0.0004973684406806381,9.430351332804502,4.0871763759155166e-21,2.380890109303474e-20
CD8B,CD19,1,2427,-0.19056446620578843,3.4208862385785855e-07,-9.416197383197314,4.677205710590196e-21,2.717293505321435e-20
PPBP,CD3,0,3446,0.1587980570048151,0.00034827689710921716,9.408138504929145,5.0500102576801324e-21,2.926035355185253e-20
GENE_09438,CD3,0,3446,0.15670471603942804,4.002373823150035e-05,9.406132866935083,5.14726867865819e-21,2.9744349937739465e-20
CST3,CD4,1,2427,-0.19125945751781923,0.0006223322532886282,-9.404041167722022,5.250674100660604e-21,3.026119887269023e-20
CD79A,CD16,0,3446,-0.1564582732182732,0.00014402820590506528,-9.391231654458696,5.9302680902707526e-21,3.408724390349263e-20
CD3D,CD8a,4,932,0.31048832193325665,-0.00013206715828361552,9.384527599934646,6.319910458688984e-21,3.623080942851595e-20
GENE_10844,CD3,0,3446,0.15859298191376797,0.00015435211512051413,9.38136634004183,6.512325665144428e-21,3.7235381837382525e-20
CD8B,CD38,1,2427,-0.18867325875651625,0.0015821852407209727,-9.380250334901232,6.5816276157490875e-21,3.753259748244282e-20
CD8B,IgM,4,932,-0.30553914974551677,-0.0010431593886910287,-9.379250881789144,6.644310688902406e-21,3.779060698911159e-20
GENE_09688,CD3,0,3446,0.15658209309655047,0.0003231744088084091,9.37214021563489,7.107641408717978e-21,4.032004956202057e-20
GENE_19032,HLA-DR,0,3446,-0.15799334085825317,-0.0005775929465500438,-9.35104358134853,8.678713947728373e-21,4.910384627866158e-20
GENE_04613,CD3,0,3446,0.1580364062438029,0.0003536402420154988,9.3454100312527,9.153411294463745e-21,5.1654797591413895e-20
CD3D,CD4,3,171,0.7101668515567582,-0.002892427204654978,9.344479062752631,9.234291942555835e-21,5.197587179095713e-20
GENE_01161,CD3,0,3446,0.15665260591552135,0.0001315958122007049,9.329717962027537,1.0615299968784128e-20,5.959418402164561e-20
PF4,CD3,0,3446,0.15697016763010171,9.096812157431053e-05,9.328148396500524,1.0773649711143402e-20,6.032687060477455e-20
LYZ,HLA-DR,1,2427,0.19097655355998866,-0.0003846638733589222,9.315795762529934,1.2104175215301436e-20,6.760244250401601e-20
KLRB1,CD8a,4,932,0.30409529496121485,-0.0004889453208713251,9.283914580971595,1.6336370121939645e-20,9.100492044792599e-20
GENE_02017,CD3,0,3446,0.1575546367831512,0.00018725574006797218,9.252346010152493,2.196184527403332e-20,1.2202902233033384e-19
GZMA,CD38,1,2427,-0.18255081052934644,0.0020300896351663233,-9.250637382267948,2.2315792289855397e-20,1.2367857261410908e-19
GENE_06740,CD3,0,3446,0.15296522590882644,-6.0243926066066814e-05,9.233435078926217,2.620889858558494e-20,1.4488439600755755e-19
GENE_02320,CD3,0,3446,0.15219420865797897,-7.029230655535873e-05,9.201901121267644,3.5167185784347214e-20,1.9391168344702395e-19
GENE_15546,CD3,0,3446,0.15602180985548658,0.00020757985457636377,9.160773106170693,5.152683053827139e-20,2.8339756796049264e-19
GENE_17046,CD3,0,3446,0.15353977921832962,-7.251263951020961e-05,9.151067817217148,5.637352357251891e-20,3.0926943185227463e-19
NCAM1,CD8a,4,932,0.295868463565769,-0.00020495061417878698,9.126596004086075,7.068692279280936e-20,3.868145497273179e-19
CST3,HLA-DR,1,2427,0.18751810007434003,-0.0006813808111844381,9.097970728870223,9.203529362130003e-20,5.023689704719325e-19
GENE_19000,CD19,0,3446,-0.14873863223870956,-0.0005063857842203103,-9.079116090615758,1.094601377647077e-19,5.959801973269386e-19
NKG7,CD8a,4,932,0.2949345907692546,-0.00040379050442848315,9.076261308271643,1.123683760726333e-19,6.099725640246109e-19
CD79A,CD14,0,3446,-0.16252326277252654,0.00028866367027874444,-9.07604386263085,1.125929975126185e-19,6.099725640246109e-19
KLRB1,CD14,0,3446,-0.15391805697881045,-6.301568835433324e-05,-9.072424677868492,1.1639744097492541e-19,6.278023486681272e-19
GENE_02017,CD19,0,3446,-0.14735527571909876,-0.0003516653110654645,-9.072362813298437,1.1646356445066318e-19,6.278023486681272e-19
LYZ,CD4,1,2427,-0.18574665803250662,0.00044346428635297624,-9.068629849738814,1.2052297630086963e-19,6.480726790173312e-19
CD8A,IgM,4,932,-0.290288565606965,-0.0009884922493944303,-9.054268566988943,1.3748610778073484e-19,7.374564246555752e-19
FCER1A,HLA-DR,0,3446,-0.15208455483337271,0.00015667816635729715,-9.04744036409824,1.463587776819632e-19,7.831098055229981e-19
CD8A,CD38,1,2427,-0.18025222369066474,0.0017983542601039885,-9.03328415507852,1.6659537539909613e-19,8.89192557856752e-19
CD8B,CD19,4,932,-0.2830596414974282,-0.0001479109576423607,-8.984172693685494,2.606880801395048e-19,1.3879878861481742e-18
CD3G,CD45RO,4,932,0.27576535450168105,-0.0016360819871438748,8.96334295655085,3.1498103605739325e-19,1.6729507478832626e-18
KLRB1,CD19,4,932,-0.2876819111372795,0.0005689212182016298,-8.956914717425251,3.338897540517023e-19,1.7690442470172098e-18
NKG7,CD14,0,3446,-0.1553489373246256,-0.00010739884771688667,-8.951958184023152,3.4923125879121393e-19,1.8458149702452697e-18
CD3E,CD8a,4,932,0.2944157018722269,-0.0002360102383597392,8.928871605173624,4.3037602176732737e-19,2.26784787369397e-18
GZMA,CD4,0,3446,-0.15294225058101668,-0.0006424005194031004,-8.928666735154176,4.311736612653048e-19,2.26784787369397e-18
CD8A,CD19,1,2427,-0.17895348778682596,-0.00010656643027438403,-8.902752471017315,5.447857843448219e-19,2.8584765004242837e-18
CLEC9A,HLA-DR,0,3446,-0.14798673105780694,-0.00021628882479876003,-8.900700748488978,5.5495195316442775e-19,2.904784740355833e-18
CD3E,CD8a,0,3446,0.15386220725395736,0.0006095608017107855,8.870479634652215,7.283152248480971e-19,3.803033957218858e-18
CD19,CD16,0,3446,-0.14773075926761747,-1.637313291013702e-05,-8.868517000161798,7.41264506088677e-19,3.861346597822507e-18
GENE_11105,CD3,0,3446,0.15078497185460765,0.00037264117997756757,8.861239679353492,7.912953805385399e-19,4.112079351623539e-18
CD3D,CD8a,0,3446,0.15412763930297155,0.0003172894752138967,8.85953780254546,8.034685828182645e-19,4.165350284610477e-18
GENE_17046,CD19,0,3446,-0.1473608388811561,3.152307678285525e-05,-8.857968266914504,8.148590342164577e-19,4.214318680541919e-18
GENE_10069,CD3,0,3446,0.14985968613502834,-0.000211426963570249,8.851463369612967,8.637912506615376e-19,4.456751524246552e-18
GENE_09688,CD19,0,3446,-0.14285376641754072,0.00015440359997069848,-8.8393368848629,9.628837467986649e-19,4.956221091004054e-18
GENE_14901,CD8a,1,2427,0.17114061061838692,-0.000731571442171362,8.838780408671711,9.676910273179225e-19,4.9691622184785265e-18
GENE_19228,CD19,0,3446,-0.14537780050331722,-0.00032069120290959647,-8.824215137939795,1.1023013811286673e-18,5.647014404032676e-18
GENE_16139,CD3,0,3446,0.14638497657686403,0.0005418210541660255,8.81442100149942,1.2030517094491493e-18,6.148615694283741e-18
CD3G,CD161,1,2427,-0.1794493023240354,-0.00016645952421296537,-8.81135951060122,1.236371613851042e-18,6.3040406758004885e-18
GENE_01891,CD3,0,3446,0.14842993988691983,-0.00013610345211302328,8.797299682945287,1.4014767193995385e-18,7.129108100795305e-18
GENE_12808,CD8a,1,2427,0.17235106456664778,-0.0006656128491999337,8.77619867827984,1.6909299604902062e-18,8.581370548904629e-18
MS4A1,CD16,0,3446,-0.15005038810308272,1.7406589333380198e-05,-8.772164402229908,1.7526425446552483e-18,8.873776622121315e-18
GZMA,CD19,1,2427,-0.17771934548688229,-0.00016557430221187362,-8.768205515410814,1.8153625630886723e-18,9.169908331499191e-18
CD8A,CD4,0,3446,-0.15168367144605005,-0.0008447105694025586,-8.765370645406419,1.861631701454147e-18,9.381757900118923e-18
GENE_15449,CD3,0,3446,0.14856975173098746,0.0002474909505618675,8.761302133123568,1.9300771914253073e-18,9.704123605147659e-18
GZMA,IgM,4,932,-0.282371720046732,-0.00035114117624604236,-8.747651958032375,2.178379172980817e-18,1.0927193675577386e-17
CD3G,CD8a,0,3446,0.15528021444946696,0.0004841277354665905,8.741349939845167,2.3034132987903044e-18,1.1527705816347783e-17
GENE_19032,CD3,0,3446,0.14447753651970624,0.0002479366808984545,8.722416737735248,2.7232591871049064e-18,1.3597471563263438e-17
NKG7,CD19,0,3446,-0.13975218007987314,4.6064073343763197e-05,-8.716713350454748,2.8639401977681885e-18,1.4267030824284286e-17
GENE_17396,CD3,0,3446,0.14759724850617745,7.363374211040746e-05,8.698640595626445,3.3588347980721923e-18,1.6694025246381743e-17
GENE_03939,CD8a,1,2427,0.17031741303732842,-0.0009802617128226525,8.69659587242599,3.419887305955419e-18,1.6958571606419665e-17
GENE_16711,CD8a,1,2427,0.16973370075774658,-0.0006952415387430224,8.694364120521632,3.487775117000634e-18,1.7255727576576196e-17
CD8B,CD4,2,938,-0.27572784728044103,-0.0013254369070670536,-8.688831849676154,3.6618518134915075e-18,1.8075701320811156e-17
GENE_04125,CD19,0,3446,-0.14474643967746645,-0.00010889558890806761,-8.681504939422362,3.905660950041013e-18,1.923538017895199e-17
GENE_16987,CD3,0,3446,0.14505407755041988,0.0001776653958011151,8.680839307425193,3.928588715873114e-18,1.9304425730832287e-17
CD8B,CD4,0,3446,-0.1493559724609384,-0.0007936863223071349,-8.678777501679589,4.000454386674939e-18,1.9613087456842968e-17
GENE_16888,CD19,0,3446,-0.14351303911144983,-7.704333950650506e-05,-8.674939845398727,4.137691409427364e-18,2.0240129309772227e-17
GENE_13579,CD8a,1,2427,0.17165441547581312,-0.0006214237645896076,8.659964649497432,4.71910585581544e-18,2.3032212589081212e-17
GENE_10069,CD19,0,3446,-0.14236269411847433,-2.2695792390816013e-05,-8.651038107359184,5.1033056712955866e-18,2.4851378403814688e-17
GENE_13035,CD19,0,3446,-0.14646127596104308,0.0002329621890915333,-8.641794362368827,5.533696270662141e-18,2.6886815736602822e-17
GENE_14089,CD3,0,3446,0.1451772732925654,0.00017233761986127076,8.611675851523493,7.200018770248135e-18,3.490478898238861e-17
FCER1A,CD19,0,3446,-0.14254702117240448,0.00012932797478636493,-8.60666220629178,7.521868403231514e-18,3.638368042366672e-17
GENE_12577,CD8a,1,2427,0.16737136769685745,-0.000334978742600698,8.603733818368905,7.716382002820187e-18,3.7241424944568696e-17
CD14,CD4,1,2427,-0.17837710852066133,0.00038860435412584645,-8.602660633574224,7.788902790103388e-18,3.7507894102564534e-17
GENE_07285,CD19,0,3446,-0.14315888176131195,5.608350393563844e-05,-8.585168851504816,9.070310851176526e-18,4.358173750443355e-17
GENE_04161,CD3,0,3446,0.14359015057287822,0.00010194928296497793,8.582031551101748,9.321206373091506e-18,4.468817303205596e-17
CD3G,TIGIT,4,932,0.2788248898916978,-0.0025220571264576224,8.579265455934939,9.548089662832561e-18,4.567485717297607e-17
GENE_05607,CD3,0,3446,0.142786227107047,0.0005634413930165672,8.573241559252597,1.0061216079732834e-17,4.8023469702160906e-17
GENE_09684,CD8a,1,2427,0.16844334716997644,-0.0008507168028016919,8.543907771619423,1.2975761313648115e-17,6.179884564104497e-17
KLRB1,CD19,0,3446,-0.13834545410088714,-0.0001503935968563232,-8.54015313856951,1.3404407141721307e-17,6.370032955287297e-17
GENE_16139,CD19,0,3446,-0.13918960885982987,-0.0004103162526447292,-8.538470011837068,1.360106804357632e-17,6.449346706877437e-17
GENE_15449,TIGIT,0,3446,0.1386257622010311,-0.0003529735801958114,8.506009837826653,1.8002169484270754e-17,8.517620365156054e-17
GENE_09573,CD8a,1,2427,0.16975767367854677,-0.0008067164035451083,8.488715770756887,2.0893302307299374e-17,9.864005686256589e-17
KLRB1,IgM,4,932,-0.27558555970195714,0.000522359693806271,-8.479203528599813,2.2674073578254023e-17,1.0681460313929668e-16
CD3E,CD45RO,4,932,0.2735200871408295,-0.0003449159913164296,8.475132856830504,2.3481140831629396e-17,1.1037664247752908e-16
GENE_11354,TIGIT,0,3446,0.13787108678666166,-7.64215304628793e-05,8.462947943595347,2.607021006942774e-17,1.2228169961136344e-16
GENE_16987,CD19,0,3446,-0.142572364884657,-0.00040007593589781634,-8.456369115225744,2.7583154563878115e-17,1.290986953346088e-16
CLEC9A,CD19,0,3446,-0.14049047658277122,-0.00010503226269237982,-8.450368003126798,2.9038605204663846e-17,1.3561779628988483e-16
GENE_09571,CD8a,1,2427,0.1636904792077086,-0.0012706660469020495,8.447147131516571,2.98507434163703e-17,1.391108838349988e-16
CD8A,CD161,0,3446,0.146519442275033,0.0008578070049983442,8.44478224145395,3.0461274070734116e-17,1.416514611830061e-16
GENE_17801,CD8a,1,2427,0.16994233601379755,-0.0006899552958916353,8.425350205636903,3.596728518512341e-17,1.6689744538792812e-16
GENE_15546,CD19,0,3446,-0.14035093749254612,-0.0001237530974666327,-8.412414434767491,4.0165581668940165e-17,1.8598037494998577e-16
CD14,CD25,0,3446,-0.1440736078385916,0.0005613677462211565,-8.411453675326241,4.049601156052081e-17,1.8711056940650022e-16
GENE_10609,CD19,0,3446,-0.14102874472522398,-1.4787825851356997e-05,-8.394530162204386,4.677609307746402e-17,2.1566764616779686e-16
CD8B,CD3,4,932,0.2681741459691287,-0.0003838871986863207,8.363179452088458,6.10502461223688e-17,2.8088297950567555e-16
GENE_14372,CD8a,1,2427,0.16423330911150474,-0.0006227971552666066,8.361175501588654,6.209639007739353e-17,2.850908417324402e-16
GENE_14297,IgM,4,932,-0.26615194239272727,-0.0007499215007681607,-8.34731828602083,6.983034901196336e-17,3.1992043617108793e-16
GENE_09438,CD19,0,3446,-0.13776908710087127,0.00017092184827717405,-8.341939367713708,7.308192548234365e-17,3.3411082810176935e-16
GENE_16888,TIGIT,0,3446,0.13862736946374374,-0.0005365850400682585,8.321775309735964,8.665546427704382e-17,3.953313496596925e-16
NCAM1,CD19,0,3446,-0.13844302008297754,-0.00019726435870480092,-8.31829255755332,8.923951969325728e-17,4.0626478818337925e-16
GENE_17396,TIGIT,0,3446,0.13679055991533973,-0.0006073279199397608,8.315281390738766,9.153482452539233e-17,4.1584059695288296e-16
GENE_06740,CD19,0,3446,-0.13875556646404633,-0.00020885295399031433,-8.312237550334729,9.391418818162163e-17,4.257574179698202e-16
CD8B,CD161,0,3446,0.14301680418494703,0.0008178743031495792,8.277738603987155,1.2553641819836043e-16,5.679278042502026e-16
PF4,CD45RO,2,938,-0.268842448284844,-1.8463234364953753e-05,-8.255708994261305,1.5100313951468793e-16,6.817162569340182e-16
CD3D,CD45RO,4,932,0.2609696739001177,-0.0007810517841405196,8.255073393553676,1.5180892280709928e-16,6.839291802972643e-16
KLRB1,CD16,0,3446,0.13730593315410458,-3.4878428224908204e-05,8.245664455882062,1.642449636890511e-16,7.384208222285762e-16
GENE_02320,CD19,0,3446,-0.1351034501300228,0.00026653680757767877,-8.231146869877046,1.8542944752175502e-16,8.319370865002964e-16
GENE_00509,CD8a,1,2427,0.15935597011253613,-0.0007179482085890975,8.229778602183334,1.8755977839340189e-16,8.397562805340949e-16
GENE_01161,TIGIT,0,3446,0.13711281619270968,-9.909771485412153e-05,8.218124620069661,2.0671010882650552e-16,9.235892903650257e-16
GENE_08246,CD8a,1,2427,0.16315621353426504,-0.0005665713369522905,8.214276176849237,2.134478201257312e-16,9.517313296552665e-16
PF4,CD19,0,3446,-0.1360894378299226,5.899770737769627e-05,-8.206347296737588,2.280192301080939e-16,1.0146153421852967e-15
GENE_00617,CD8a,1,2427,0.1617756148808546,-0.0012928324944943739,8.205816515630268,2.2902896733488864e-16,1.0170200250301304e-15
GENE_02550,CD8a,1,2427,0.1608635249615301,-0.0003877782046249202,8.20309496553819,2.3427598637138924e-16,1.038192356782823e-15
GENE_11105,TIGIT,0,3446,0.13807962959220907,0.00013738750743970304,8.19807382616679,2.4426933059313046e-16,1.0802686518271708e-15
GENE_13035,TIGIT,0,3446,0.13558447367117876,-0.0003603875038852498,8.196573784193122,2.473354893385259e-16,1.0916008256549605e-15
NKG7,CD16,0,3446,0.14002151287097545,8.425850509848682e-05,8.194574225309147,2.514817464640558e-16,1.1076441963162783e-15
GENE_04613,CD19,0,3446,-0.13729045508858254,-0.00044383494914293557,-8.190613668938004,2.5989758085421807e-16,1.1423895693936926e-15
GENE_10590,CD8a,1,2427,0.16240443867849197,-0.000413331008435715,8.183837195263278,2.7494547565016534e-16,1.206086732254875e-15
LYZ,CD25,0,3446,-0.13518054067647903,0.0005612566068761911,-8.18132350339724,2.8074307748535957e-16,1.2290308058803518e-15
CD3D,TIGIT,4,932,0.27106560037135663,-0.001887962163494325,8.178737428936511,2.8683336486467304e-16,1.2531610920599726e-15
CD8A,CD19,4,932,-0.25696447234928305,-0.00012619997525377898,-8.167359283356484,3.1521308173218663e-16,1.3743797748765562e-15
GENE_00314,CD8a,1,2427,0.158222321352158,-0.001071975211906351,8.16643678996197,3.1763170997512316e-16,1.3821444086668511e-15
GENE_11105,CD19,0,3446,-0.1358777944461216,0.00022432418076385668,-8.161956668724134,3.2964046464112117e-16,1.429766939061631e-15
GENE_07154,TIGIT,0,3446,0.1354615680305521,-0.00010421350207912075,8.161863290190237,3.2989546355829046e-16,1.429766939061631e-15
GENE_16261,CD8a,1,2427,0.1591901368437693,-0.0008520441801939659,8.149902625530004,3.6421742607825606e-16,1.5753675894442732e-15
CD79A,CD45RA,0,3446,-0.13998468323004523,-0.0002820870335807209,-8.1479075002917,3.702754026921997e-16,1.598380074968121e-15
GENE_09688,TIGIT,0,3446,0.13526088734530597,-0.00040808124812801415,8.146122302597115,3.7578007357558285e-16,1.618917334867372e-15
CD79A,CD3,4,932,-0.2580108137025677,0.0008637379396558538,-8.141904317786928,3.891087062017024e-16,1.6730130284505736e-15
PF4,CD8a,1,2427,0.16088300723228677,-0.0007135592405267025,8.131522059611985,4.2393335834780913e-16,1.8191358169103018e-15
CD3D,CD56,3,171,-0.6065656506042103,0.004192294060132439,-8.127141746553319,4.3953129558008224e-16,1.8823405484625263e-15
GENE_10844,CD19,0,3446,-0.1339257759298833,-0.00019993491236831534,-8.126779178165636,4.4084743142522975e-16,1.884253222679434e-15
GENE_05558,CD56,2,938,0.26464932942451747,-0.0011937282382595603,8.105652387863419,5.246324153428482e-16,2.2379496930077796e-15
CD8A,CD4,2,938,-0.262049201697801,-0.001845735235843803,-8.094845172898069,5.7337232896310265e-16,2.4410566539548986e-15
CD3E,CD161,1,2427,-0.16388146239327753,0.00017139764432485963,-8.078594541485083,6.55174700942056e-16,2.7838501508655595e-15
FCER1A,CD3,0,3446,0.13249558401085756,-5.898218484354507e-05,8.074259805471156,6.7887192931308445e-16,2.8788952462259375e-15
GENE_11354,CD19,0,3446,-0.13885802416104223,-2.2138759471877247e-05,-8.060833483136793,7.577599231139138e-16,3.2071596745856468e-15
NKG7,IgM,4,932,-0.2597937328742632,-6.21444821984222e-05,-8.052278277338694,8.126687198883933e-16,3.4328520779691e-15
MS4A1,CD3,0,3446,-0.13263033103482885,4.0563462105761864e-05,-8.031987501323114,9.590614326323823e-16,4.043358218899557e-15
NCAM1,CD19,4,932,-0.2625494496510287,-0.0005409316123578061,-8.02533620550493,1.0124826573034588e-15,4.260291103643874e-15
FCER1A,TIGIT,0,3446,0.13178299160502396,-0.0005479874298859583,8.003193124759957,1.212335723576082e-15,5.091340141452267e-15
CD19,CD3,4,932,-0.24986439598078025,0.0012388834745675642,-7.999549616924517,1.2487512379532065e-15,5.227487183293808e-15
GZMA,CD3,4,932,0.26224992221744287,-0.00026669115225599687,7.999467988012484,1.2495793082354373e-15,5.227487183293808e-15
MS4A1,CD45RA,0,3446,-0.1412360023359608,-0.0007219334389672189,-7.997540729192148,1.2692879556473274e-15,5.299705202095874e-15
GENE_07154,CD19,0,3446,-0.13331334926852012,-0.00032226948313058846,-7.985743975412149,1.396773144088312e-15,5.820783467768023e-15
CD3E,TIGIT,4,932,0.26765566976754895,-0.0018482188627697075,7.9790863921344855,1.4742036885205104e-15,6.131668700621777e-15
NCAM1,IgM,4,932,-0.26281878209031084,-0.0005341127576242586,-7.978502388181779,1.4811942329818922e-15,6.1489423426662075e-15
GENE_19877,CD19,0,3446,-0.13689387351773694,-0.0003281977146929361,-7.976572841785412,1.5045239162108858e-15,6.233849572521969e-15
GENE_17405,CD8a,1,2427,0.15980261186412625,-0.00041356172943935447,7.974016348088255,1.5359920945237705e-15,6.352089444337807e-15
GENE_00483,CD8a,1,2427,0.154992161063245,-0.0012101124094570667,7.962051171589635,1.6921046489372406e-15,6.984363379518097e-15
GENE_07952,CD8a,1,2427,0.15988645903716706,-0.0006816708395815048,7.939741601588696,2.0260288419518234e-15,8.346776616938406e-15
CST3,CD25,0,3446,-0.13257261520732477,0.0005243063096225823,-7.933122143288431,2.1370406213130917e-15,8.787413712306394e-15
GENE_04161,TIGIT,0,3446,0.1314277689965525,-0.0004811426714117768,7.918777199956661,2.398577012009397e-15,9.8441598201219e-15
CLEC9A,CD3,0,3446,0.13480463931836478,4.024698837000796e-05,7.917382709060902,2.4256226127465448e-15,9.936340646165903e-15
GENE_10668,CD8a,1,2427,0.1547277328605913,-0.0012971356967937733,7.9139170687936184,2.4941447396134884e-15,1.019775783158949e-14
MS4A1,CD14,4,932,-0.26585760689800353,-0.0002144175526643539,-7.908680967369019,2.601302970947691e-15,1.0615863536805361e-14
GENE_10069,TIGIT,0,3446,0.12873991212397676,-0.00016723386831039483,7.89247118442589,2.96260749225514e-15,1.2067613600971594e-14
CD79A,CD19,2,938,0.26217154235747714,0.0015337139724475582,7.892094595340433,2.9715634604949466e-15,1.2078716359648457e-14
GENE_16867,CD8a,1,2427,0.15516011989247053,-0.0006709724207252961,7.89188828892613,2.976481096470824e-15,1.2078716359648457e-14
GENE_19228,TIGIT,0,3446,0.13135842312832177,-6.197545288095527e-05,7.8801550945229675,3.2697496925045146e-15,1.3244014175060341e-14
GENE_06387,IgM,4,932,-0.2562156159215096,-0.0006082722035986391,-7.878661381265921,3.309069121374078e-15,1.3378270123167215e-14
CST3,CD25,2,938,-0.2634453596309772,-0.00015077814208178878,-7.854133850723788,4.0254421705481524e-15,1.6244195872584446e-14
GENE_10754,CD56,2,938,0.25079883653930346,-0.0014868730278452316,7.852862598004042,4.066470990927783e-15,1.6379261407696107e-14
GENE_17396,CD19,0,3446,-0.1323864336896993,0.00015100722849469011,-7.8419240431325274,4.436947403973181e-15,1.7838339562912587e-14
GENE_19032,CD19,0,3446,-0.13021558955878165,-7.520694187563452e-05,-7.836648681587931,4.627303597987045e-15,1.856919795710727e-14
NCAM1,CD16,0,3446,0.13002286766338378,5.722964600538533e-05,7.83239134302142,4.786768355964114e-15,1.917361742583038e-14
PPBP,CD19,0,3446,-0.12881576311072557,0.00012348117256284148,-7.826164391956357,5.029795541677586e-15,2.0109902101135292e-14
GZMA,CD4,2,938,-0.2507960997260737,-0.001890471270810948,-7.824557244130359,5.094466784296037e-15,2.0330956761638144e-14
GENE_08030,IgM,4,932,-0.25645399057461304,-0.0003354931590538404,-7.823992934687323,5.117368068410194e-15,2.0384809934273693e-14
GENE_19000,TIGIT,0,3446,0.13081392929290947,-0.0002793758292927381,7.812582378255746,5.602800056878122e-15,2.227755545551356e-14
GZMA,CD19,4,932,-0.24662310823824066,0.0006007207719080668,-7.812032514034125,5.627303853776514e-15,2.2334006320757703e-14
CD8A,HLA-DR,2,938,-0.2579627130188564,0.0012855144988307976,-7.809320985452965,5.749689893456789e-15,2.277802193623558e-14
CD19,CD3,0,3446,-0.12764780729592665,0.0002088814157929297,-7.801568982932986,6.114216878713367e-15,2.417793426308735e-14
PF4,CD56,2,938,0.2564233346161168,-0.0005592795706978739,7.7877421396744895,6.821722245218876e-15,2.692654299706613e-14
CD79A,CD4,0,3446,-0.13169525735672416,0.0005350221144515972,-7.786615738558917,6.882787190654992e-15,2.7118181531180666e-14
GENE_10222,CD56,2,938,0.25180850457287607,-0.0018701791970225999,7.779489011401178,7.281807009085606e-15,2.863825007021508e-14
KLRB1,CD16,2,938,0.2617184485921184,0.0012440562585455885,7.774294008336061,7.58693409445283e-15,2.978421409905667e-14
CD19,CD45RA,0,3446,-0.13399029117778882,-0.0007162790984905749,-7.768548373318978,7.939068703948625e-15,3.1110238483646785e-14
GENE_05607,CD19,0,3446,-0.13029005719521655,-0.0003689351896127435,-7.767847814561026,7.983089334745475e-15,3.122627182020477e-14
GENE_02136,CD8a,1,2427,0.15049075771383102,-0.0008507636933214632,7.763494932612682,8.262042545363933e-15,3.2259182334781337e-14
PPBP,CD56,2,938,0.2589519303083557,-0.0007433730070205628,7.760987581950582,8.427056918143458e-15,3.284430277269222e-14
NCAM1,CD16,2,938,0.2582746795122678,0.0009569633402064164,7.759952759813262,8.496102618695565e-15,3.305395758476353e-14
GENE_01202,CD56,2,938,0.2509451383337509,-0.0019450717608248472,7.75643850978268,8.734763081939615e-15,3.392156200459345e-14
GENE_11105,CD14,0,3446,-0.1338351560085814,-0.0007874706457176964,-7.753504602995256,8.939054857087496e-15,3.465282983060573e-14
GENE_05607,TIGIT,0,3446,0.12992348681281843,0.00022245199325105535,7.7298703455160105,1.0765617293705115e-14,4.1659094063319613e-14
CD79A,CD3,0,3446,-0.13019330871871407,-3.632344081671396e-06,-7.7168224441653415,1.192656110647787e-14,4.6069265450512555e-14
GENE_10890,CD56,2,938,0.24774612683735725,-0.0018570023148011463,7.706812484368202,1.2899912756077402e-14,4.9740410929572474e-14
GENE_05259,CD8a,1,2427,0.14969894098379546,-0.000714627978439522,7.695909105595248,1.4049165864596725e-14,5.407556381630747e-14
GENE_05636,CD8a,1,2427,0.15111824416126365,-0.0010277317663895391,7.676966535000617,1.6289996423501208e-14,6.258940115199843e-14
CD8A,CD3,4,932,0.2536698632392768,-0.0006072636131744595,7.676238825795858,1.6382756673690625e-14,6.280546727697285e-14
GENE_06740,TIGIT,0,3446,0.12782168359857113,-0.000593043008195275,7.676071203604722,1.6404196806075974e-14,6.280546727697285e-14
GENE_00944,IgM,4,932,-0.2520985371994903,0.00022745612326181383,-7.674468832150369,1.6610550365368227e-14,6.348335562919391e-14
MS4A1,CD19,2,938,0.25705586236646305,0.0008375224518318678,7.671668094371547,1.6977379810278222e-14,6.477109515646638e-14
CD3G,CD14,4,932,-0.2552018438575924,0.0021012766680136726,-7.665702347530092,1.7785522394950937e-14,6.770348162725941e-14
GZMA,PD-1,1,2427,0.15694242028369249,0.00028032252999399634,7.665536768399458,1.7808483861346498e-14,6.770348162725941e-14
CD3D,CD161,1,2427,-0.15564771540352312,-0.0002481865583544373,-7.6611778732840685,1.8423548053716512e-14,6.991913946130241e-14
GENE_05651,CD8a,1,2427,0.15322786068252853,-0.0007128465407043302,7.656404657438593,1.9121059003652502e-14,7.243939660999121e-14
GENE_02017,TIGIT,0,3446,0.12948484063080454,-0.00038809719488716826,7.647598903772247,2.0476674255509694e-14,7.743970874640403e-14
GENE_10609,TIGIT,0,3446,0.1281284997293455,-0.0002653096501919238,7.645735539060745,2.0775427330900913e-14,7.843266729279142e-14
GENE_15546,TIGIT,0,3446,0.1275775100733995,-0.0003828140612314124,7.642913911450096,2.123599865523727e-14,8.003201580156376e-14
CD79A,CD14,4,932,-0.2602180436960197,-2.9652868523376682e-05,-7.640566351017514,2.1626831038363853e-14,8.136344246551123e-14
GENE_01061,CD8a,1,2427,0.15186948162378774,-0.0007578433555391703,7.629024247081835,2.365371512502088e-14,8.883466321649957e-14
GZMA,CD161,0,3446,0.13047371618144324,0.0008036560089292578,7.621957417046002,2.498574696021887e-14,9.36749371328621e-14
PPBP,TIGIT,0,3446,0.12872715440595933,4.046411734579015e-05,7.609376060518104,2.7542228209082312e-14,1.0308118916939788e-13
MS4A1,CD3,4,932,-0.24220495991516827,0.0009332473588587627,-7.594025971753054,3.1011619955701204e-14,1.158658283517319e-13
FCER1A,CD8a,1,2427,0.14773321115513452,-0.0009257393597242062,7.592452242071491,3.139071965031205e-14,1.170803605546062e-13
LYZ,CD56,2,938,0.24758005034897526,-0.0015647787466928828,7.5915494544817355,3.161024781671586e-14,1.1769657563371694e-13
GZMA,HLA-DR,2,938,-0.25430631051738534,0.0014552667246575442,-7.578356208832626,3.4996047091645645e-14,1.3007964673687155e-13
GENE_02017,CD14,0,3446,-0.1312541318006256,-5.032342876204378e-07,-7.578030808951713,3.5083909883300894e-14,1.301829327347826e-13
CD8B,HLA-DR,2,938,-0.2478464774907183,0.0012672206877082182,-7.574523156937264,3.604490984231102e-14,1.3352020449279995e-13
NKG7,CD19,4,932,-0.24375254845539523,0.0002557856064183343,-7.5733902549761645,3.636078921623339e-14,1.344604611460371e-13
GENE_01161,CD19,0,3446,-0.12792056597741777,-0.00017946259329664225,-7.569178147512949,3.7559279034956506e-14,1.386558052278548e-13
CST3,CD56,2,938,0.2520879001453916,-0.0007121907922744055,7.564871580648089,3.882479716553146e-14,1.4308390383963719e-13
GENE_04161,CD19,0,3446,-0.12780714872021964,0.0002641544603204489,-7.563435713558599,3.925598705992066e-14,1.4442737514235667e-13
GENE_16888,CD14,0,3446,-0.1306411875087836,-0.00014046607561794296,-7.557608005067418,4.105490926632491e-14,1.50789810813773e-13
GENE_16987,TIGIT,0,3446,0.12587260368277525,-0.0005906450437860268,7.541557251479679,4.643921104493765e-14,1.702771071647714e-13
GENE_19667,IgM,4,932,-0.24878151601768334,-0.00036024974046399653,-7.52981742833813,5.081131789765875e-14,1.8599345588551776e-13
CD3D,CD14,4,932,-0.25163541719845206,0.0013129392391912822,-7.528129756923498,5.1472229230017334e-14,1.8809497595522355e-13
GENE_11451,IgM,4,932,-0.24555262046897264,-0.00016604192823600652,-7.5068683781830225,6.055856049576475e-14,2.2092660032714176e-13
GENE_14594,IgM,4,932,-0.2411184653546725,-0.0002817447145579065,-7.503300421608216,6.223070381616488e-14,2.2664526919265426e-13
GENE_07686,CD56,2,938,0.24556840197937313,-0.0013908666306127122,7.499596220616843,6.401471710689535e-14,2.327514965950373e-13
KLRB1,CD45RO,2,938,-0.24896581004200308,-0.0003739150841343639,-7.498743733384339,6.443235488464882e-14,2.3387757627308874e-13
CD8B,PD-1,1,2427,0.15457214454123966,0.0006489013838521568,7.4853020148720235,7.13827922221583e-14,2.5867309489200176e-13
GENE_07285,TIGIT,0,3446,0.12462601622538691,-0.0004037324440291376,7.484747186758079,7.168499317197345e-14,2.593345245470225e-13
GENE_00944,CD19,4,932,-0.24025179353904005,0.0009912264896284168,-7.483985246111041,7.210205351752118e-14,2.6040858328744737e-13
GENE_10989,CD8a,4,932,0.2474137634587664,-0.0005497413802503,7.4836678867012205,7.227646805631725e-14,2.6060417017976614e-13
FCER1A,CD56,0,3446,0.12603946371699645,0.0005404925619556704,7.459571665450436,8.680420538819748e-14,3.124663007910697e-13
GENE_07427,CD56,2,938,0.23627383570036148,-0.0012585658155953021,7.457189672929175,8.838742247179456e-14,3.1763771889946735e-13
CD14,CD56,4,932,0.24267212009154052,3.610764503572523e-05,7.455195814585946,8.973445671384493e-14,3.2194464850811585e-13
GENE_10670,CD8a,1,2427,0.14914397416458558,-0.0008974459412827971,7.45285116393372,9.13443140873567e-14,3.271787250038049e-13
GENE_13647,CD8a,1,2427,0.1477272928348082,-0.0006119773607521877,7.450155094924168,9.323056576925769e-14,3.3338388782505185e-13
GENE_11527,CD8a,1,2427,0.14871888601328417,-0.0007922570151458481,7.4472717438753895,9.529021565639399e-14,3.401876397486092e-13
GENE_14089,CD19,0,3446,-0.12420611975470586,-0.0001485959563339046,-7.4451911115040135,9.680417790365548e-14,3.450241011796405e-13
LYZ,CD25,2,938,-0.24233681868545923,0.00015357597262709205,-7.437397927625745,1.0268787180944338e-13,3.6539346175872546e-13
GENE_14089,TIGIT,0,3446,0.1222095546456863,-0.0005497039700929621,7.424747896658528,1.1299492678155389e-13,4.01409846451848e-13
GENE_04613,TIGIT,0,3446,0.12348750976980985,-0.0006492108281156391,7.413239734495634,1.2325079321167184e-13,4.3712679032682955e-13
GENE_08030,CD8a,4,932,0.2413320192582626,-0.0012308065610372228,7.404219296630405,1.3192426214529282e-13,4.671239805046562e-13
CLEC9A,CD45RO,2,938,-0.2350612086999275,0.000556072512161816,-7.380164245677,1.5809437881958275e-13,5.588752347504662e-13
GENE_15449,CD19,0,3446,-0.11928298388945723,-0.0002036063671437606,-7.377383469543192,1.6143055480362504e-13,5.697394336473216e-13
GENE_04125,TIGIT,0,3446,0.12331015386130598,-0.00022763584731213114,7.368751959950984,1.7223276822052403e-13,6.068754613558953e-13
GENE_19228,CD14,0,3446,-0.12565066397698763,-0.0003187853516484554,-7.366592359613811,1.750446860890741e-13,6.157821992776356e-13
NCAM1,CD45RO,2,938,-0.24253494674950798,-6.905599370421589e-05,-7.3655782718718825,1.7638059920219295e-13,6.194761077328236e-13
GENE_10989,IgM,4,932,-0.2399031992140826,-0.0004165797168981385,-7.359487578138623,1.8461753541514397e-13,6.47356309457309e-13
GENE_07293,IgM,4,932,-0.24299062236867247,-9.513515146000654e-05,-7.358558208558119,1.8590718934472124e-13,6.508253300646381e-13
GENE_19877,TIGIT,0,3446,0.12587514258493882,-1.1517450892272993e-05,7.349141539366724,1.9948386534738822e-13,6.972282842061134e-13
GENE_02320,TIGIT,0,3446,0.12361458114214721,-0.0007091671558064162,7.342495824864462,2.0964706559553996e-13,7.315703561119728e-13
GENE_04613,CD14,0,3446,-0.12798995975236838,-0.0005402942671515603,-7.337351148749014,2.1786247916538239e-13,7.590160648736071e-13
NKG7,CD16,2,938,0.24651766875445916,0.0004996964326140324,7.334413024509003,2.2269533290713376e-13,7.746080038679917e-13
GENE_01376,CD56,2,938,0.23973220226513184,-0.0008036933395802708,7.3286251753513385,2.325257167651962e-13,8.075051734458014e-13
GENE_13579,IgM,1,2427,-0.14942893642653907,-0.0005770828419600865,-7.321728441223142,2.4479715504649563e-13,8.487606959772096e-13
GENE_11179,CD8a,1,2427,0.14852398745468828,-0.0008542456089369262,7.313641904605882,2.599974574691683e-13,9.000231475010986e-13
GENE_08494,IgM,4,932,-0.23994299284412923,-0.0005362981339657479,-7.308600128064713,2.6993975931619194e-13,9.329496944787687e-13
GZMA,CD14,1,2427,-0.147925576818741,0.0010332669878549915,-7.297352612939979,2.934849337936099e-13,1.0127099546668036e-12
GENE_01891,CD19,0,3446,-0.12150141435181529,0.0001042610802142597,-7.277916789392169,3.3901432001902557e-13,1.1679555349463091e-12
CD3E,CD4,5,86,0.7893430812903977,-0.003954877477929586,7.2773774514451794,3.4037195428228986e-13,1.1707714681424162e-12
CD3D,CD3,3,171,0.5394354805580552,-0.0003521408780575921,7.271322797810047,3.559841340773419e-13,1.222531883590491e-12
GENE_10844,TIGIT,0,3446,0.12103900076217579,-0.0004488181853830835,7.26556109711175,3.714929708220074e-13,1.2737741578659655e-12
GENE_06740,CD56,0,3446,0.12404756692203363,0.0005775634644458982,7.254573798155549,4.02928543426043e-13,1.3793778098013195e-12
GENE_13941,IgM,4,932,-0.23940061571809798,-0.0008495645681146542,-7.250590135576025,4.1495961897727697e-13,1.4183241235390523e-12
GENE_05821,CD56,2,938,0.2336799063488395,-0.0017225567112566513,7.245109189738519,4.3209095978829907e-13,1.474552928915345e-12
GENE_04826,IgM,4,932,-0.23195334644931817,0.000603483492996222,-7.244327678884634,4.3458956393993517e-13,1.4807477752481752e-12
CD3E,CD14,4,932,-0.24450628602577834,0.0011519766348018553,-7.234519871254024,4.671789375512563e-13,1.5892884735848861e-12
GENE_11354,CD14,0,3446,-0.12437759802583158,-0.000242017636368202,-7.212768186802232,5.482570620326998e-13,1.862183469317963e-12
GENE_06523,CD56,2,938,0.23169274525857433,-0.0013372775154590654,7.211647252722343,5.527902465446481e-13,1.8746423540880323e-12
CD19,CD14,4,932,-0.24712425950456768,-0.0004894537223570982,-7.204034299300342,5.84566512991688e-13,1.9793056775827934e-12
GENE_17396,CD56,0,3446,0.12322185482574019,0.00011855167539777212,7.19840577441765,6.092062208673411e-13,2.0584680986310402e-12
GENE_16867,IgM,1,2427,-0.14501082190996106,0.00015787728136795097,-7.198262598810468,6.098461095159796e-13,2.0584680986310402e-12
GENE_01844,CD56,2,938,0.23507018110687075,-0.0017466316250268747,7.197941624581399,6.112830246302395e-13,2.0601093536138865e-12
CD8A,PD-1,1,2427,0.14941540685834845,0.0008079553495595782,7.197204953062165,6.145934844633699e-13,2.068049814956712e-12
GENE_09438,CD14,0,3446,-0.1238058037177937,-0.00011465822496919953,-7.196380222984904,6.183205466285687e-13,2.0773653093707105e-12
GENE_09438,TIGIT,0,3446,0.12093303475619652,-0.00047652798576806903,7.1786180997523275,7.041954653055799e-13,2.3622160577665508e-12
GENE_16711,IgM,1,2427,-0.14982293714725864,-0.00038724328806782215,-7.177439340553747,7.102915511068581e-13,2.378982675809214e-12
GENE_09688,CD14,0,3446,-0.12157645997530794,-0.00034802089777161274,-7.1769174504838835,7.130070811678169e-13,2.3843925075473138e-12
GENE_06387,CD8a,4,932,0.2300648457991281,-0.00016933012323013717,7.175899774105693,7.18331660049378e-13,2.398497237791991e-12
GENE_03621,CD56,2,938,0.23408329528336697,-0.001708567155991235,7.172778884022089,7.349050117469511e-13,2.4500602468548355e-12
GENE_11395,IgM,4,932,-0.2360973397382379,-0.0005629172599660839,-7.171394498386906,7.423763676404832e-13,2.4711668028831445e-12
GENE_00723,IgM,4,932,-0.24078756003261254,-0.0007892247390071612,-7.16828438834672,7.594341981399623e-13,2.524070410075611e-12
CD8B,CD161,1,2427,0.1494783215181971,-0.0007472313619752365,7.166117242018425,7.715470509347154e-13,2.5604019285995836e-12
GENE_18631,IgM,4,932,-0.2329959975730296,-0.00026634130782577205,-7.164555992308853,7.803906776457555e-13,2.585789905899621e-12
GENE_04573,CD56,2,938,0.22977236092069328,-0.0015480156165086157,7.155914122771396,8.311716682327791e-13,2.7498458092525685e-12
CD3G,CD56,3,171,-0.5393860888808041,0.00438501348572874,-7.140573483883282,9.294232798167617e-13,3.070213791711772e-12
FCER1A,IgM,4,932,-0.22722742462005693,0.0004236333646944166,-7.128476125339396,1.0148619714685793e-12,3.3473453457723154e-12
CLEC9A,IgM,4,932,-0.22700817745898524,5.464687879115538e-05,-7.125004254971684,1.0407747275632204e-12,3.4275970131147393e-12
CD3D,CD4,5,86,0.7843810899356328,-0.0011725329083444222,7.111038190775353,1.151732611646543e-12,3.787260348160938e-12
CD14,CD25,2,938,-0.23671209509797703,-0.0002463994507133379,-7.093101183797961,1.311395000973039e-12,4.305746919861478e-12
CD3G,CD4,5,86,0.7706374498861193,-0.003860952975591114,7.088494081233579,1.3557917817121056e-12,4.441984175338335e-12
GENE_04125,CD14,0,3446,-0.12352959262567363,-0.0007616995032244345,-7.088371981798368,1.3569882436889607e-12,4.441984175338335e-12
GENE_17934,IgM,4,932,-0.22803087263794308,-0.0005679556444789626,-7.081814087722092,1.4227945577452916e-12,4.65037074907096e-12
GENE_00800,CD56,2,938,0.23136586653408306,-0.0015118990538254243,7.0783132563481095,1.4591958591225585e-12,4.762164799274976e-12
GENE_01610,IgM,4,932,-0.23138793897829438,-0.000809822244082335,-7.076570108991092,1.477660136222154e-12,4.815172203298358e-12
GENE_18936,CD56,2,938,0.23123000711598718,-0.0010625730740130774,7.05729291250605,1.6977750647661169e-12,5.5241419900122754e-12
LYZ,CD56,4,932,0.2266814067890087,0.00019676937289851633,7.048276490946556,1.8114742653158864e-12,5.885254472173202e-12
GENE_00314,CD19,1,2427,-0.14282271654941206,-0.00032111370973653776,-7.0473904896791915,1.8230419568975637e-12,5.913969941013504e-12
GENE_04293,IgM,4,932,-0.22548748091222495,-0.0004891412965311592,-7.046728500273939,1.831732202153193e-12,5.933279046436426e-12
FCER1A,CD56,2,938,0.22242132809981544,-0.00262499927048374,7.045659059045361,1.845857183933518e-12,5.9701082351999e-12
KLRB1,CD4,1,2427,-0.14345320791402838,0.00034971940268421314,-7.043252508718442,1.8780343532555603e-12,6.065127337563039e-12
GENE_11451,CD8a,4,932,0.22915279110739234,-0.000929664769476896,7.039138251744613,1.934323744593309e-12,6.237618384722769e-12
PPBP,CD45RO,2,938,-0.23779930828159276,-0.00036095471237774693,-7.034939102202951,1.9934804978007683e-12,6.4188294780598285e-12
PF4,CD16,2,938,0.23485681155362026,0.0010564904152732127,7.034170708429047,2.0044959237267678e-12,6.4447220574419965e-12
GENE_19860,CD56,2,938,0.23033260024741356,-0.001047955723198468,7.032991827397097,2.0215121190136385e-12,6.482740484881291e-12
GENE_03881,CD56,2,938,0.22542639770262676,-0.0021046206198662735,7.032937209609171,2.0223039076048698e-12,6.482740484881291e-12
GENE_01621,CD8a,4,932,0.22632488061159603,-0.0003424130549474407,7.032343544716724,2.030929855559753e-12,6.500775475624793e-12
GENE_13941,CD8a,4,932,0.2272809129405124,-0.00038801850855499083,7.028282248999298,2.090916107079463e-12,6.682913280296751e-12
GENE_10609,CD14,0,3446,-0.11901905328131782,-0.00018705964370281352,-7.0264898596337035,2.1179396496375272e-12,6.759315494498559e-12
CD3E,CD56,3,171,-0.5289742073628853,0.0054302410408349835,-7.024869989163482,2.142656668767541e-12,6.8281426488518535e-12
GENE_19000,CD14,0,3446,-0.11880053409604685,-0.0005007689900498147,-7.0200779784717335,2.2174445350497736e-12,7.0560973677721866e-12
GENE_00820,CD56,2,938,0.2255191920510001,-0.0009894318830483931,7.018838034497929,2.237209357219119e-12,7.108552312454297e-12
PF4,TIGIT,0,3446,0.12021528573213547,-0.00013389010025079612,7.017112297031655,2.265005645954067e-12,7.186335629256901e-12
GENE_01420,CD8a,4,932,0.22676722084069328,-0.0009179936476718949,7.000741361004041,2.5461159214336537e-12,8.066422809571238e-12
GENE_02136,IgM,1,2427,-0.14194490909758617,-0.0005202763074925762,-6.998012522119908,2.596188927918514e-12,8.213053148612291e-12
GENE_00314,IgM,1,2427,-0.13995714408162566,0.0001911993959212294,-6.967846115196598,3.218299605489697e-12,1.0166261290227658e-11
CD3G,CD16,4,932,-0.22875952985273523,0.001870261739662707,-6.964790387894917,3.2889307295310557e-12,1.0374254571897814e-11
GENE_06812,IgM,4,932,-0.22359293660090437,-0.0005932239396080967,-6.964112149332435,3.3048126875073334e-12,1.0409199264285454e-11
GENE_16139,TIGIT,0,3446,0.11837297805796759,0.0004086100086084294,6.9556674433341605,3.508967270885119e-12,1.1036185886804141e-11
GENE_08030,CD19,4,932,-0.22149342915822362,0.00048402862592990275,-6.9541678970127805,3.546490377218591e-12,1.1138035720916937e-11
GENE_11395,CD8a,4,932,0.22345679798614781,-0.0008821029310078815,6.949785435200727,3.658422034221552e-12,1.1472938564628226e-11
CLEC9A,CD56,2,938,0.21830135358382063,-0.002901210690339404,6.9386255734448286,3.95932965915435e-12,1.239865227079115e-11
GENE_14297,CD8a,4,932,0.22632834705132426,-0.0006598886144045746,6.937296111010038,3.996755357371259e-12,1.2497790561938697e-11
GENE_01610,CD8a,4,932,0.22171766887389036,-0.0011355765685681057,6.935772206344817,4.040081540987107e-12,1.2615067290085101e-11
GENE_08494,CD19,4,932,-0.21859770771100284,0.00025433095329164423,-6.9216162707297855,4.4651942389260056e-12,1.3922411389572164e-11
GENE_14372,IgM,1,2427,-0.1418828244140129,-0.00037928086690612193,-6.920954685084681,4.486099867920657e-12,1.3967497720954113e-11
GENE_06740,CD14,0,3446,-0.11705657525866771,-0.00048420030530520604,-6.91899110668634,4.548714148589311e-12,1.4142128493533771e-11
GENE_01041,IgM,4,932,-0.2240485009923434,-0.0007456284952495489,-6.918427086267534,4.566857383864128e-12,1.4178194771967859e-11
GENE_14297,CD19,4,932,-0.2133717193465681,0.0006478934867094322,-6.915426429879027,4.6645807321600264e-12,1.4460867591689237e-11
NKG7,TIGIT,0,3446,0.11683341926875972,-0.0004343214610681446,6.915175179325799,4.672855680345429e-12,1.4465826084726492e-11
CD14,CD25,4,932,-0.22750400337799226,-0.000844552819859851,-6.9133825326661515,4.732315637091964e-12,1.4628998552893417e-11
GENE_01161,CD14,0,3446,-0.11852229152838988,-0.00023720687607385078,-6.9131101675339925,4.7414143288840695e-12,1.4636246226056666e-11
GZMA,CD161,1,2427,0.14202572599050411,-0.0008569193239988749,6.911097571455245,4.809181181559216e-12,1.4824318094507568e-11
GENE_10989,CD19,4,932,-0.21759062951213495,-2.456081740452932e-06,-6.909254321447803,4.872078334410704e-12,1.4996866123107947e-11
CLEC9A,TIGIT,0,3446,0.11634114606683098,-0.0007249890783829752,6.90079401883274,5.1712670474778895e-12,1.5895227931751188e-11
CD3D,CD16,4,932,-0.22770957319267837,0.0005606680241503165,-6.897477282443475,5.293410481552183e-12,1.6247621123971076e-11
GENE_04161,CD14,0,3446,-0.11879693194860112,-0.0001388405135631254,-6.889659468208721,5.592610038132614e-12,1.7141705732154702e-11
GENE_05651,IgM,1,2427,-0.14322214590220686,1.0797249198529803e-05,-6.881144420455997,5.937361900350457e-12,1.8163843456701377e-11
KLRB1,CD19,1,2427,-0.14152274150792046,0.00010708663587459188,-6.881012725240217,5.94285418126501e-12,1.8163843456701377e-11
GENE_12577,IgM,1,2427,-0.14037720488563252,-0.00019176857197247512,-6.866108311253261,6.5976988623418035e-12,2.01369203305559e-11
GENE_09829,CD8a,4,932,0.21784926014405126,-0.0016597323959620248,6.8603229133099735,6.8705065036379714e-12,2.0940066938654687e-11
CD14,CD56,2,938,0.22467117927594804,-0.002034240486142154,6.857268767896279,7.018950429980694e-12,2.1362451659786748e-11
GENE_01041,CD8a,4,932,0.2147339907938357,-0.0012887613348379508,6.856696068305556,7.047133810949375e-12,2.1418147220655397e-11
CD3E,CD16,4,932,-0.22554710701837624,0.0005458773366563846,-6.856039314133043,7.079590161752055e-12,2.1486655294841323e-11
GENE_10069,CD14,0,3446,-0.11602271675901475,-0.00010917346927950468,-6.844031516523383,7.699497049746487e-12,2.333539875077012e-11
NCAM1,TIGIT,0,3446,0.11640179866129162,-0.0002909139623227815,6.841760303811732,7.822590191274357e-12,2.3675353274429513e-11
GENE_09529,IgM,4,932,-0.21691039635540466,-0.000386424133336206,-6.8366699712598,8.105517639304418e-12,2.449742918322549e-11
GENE_17563,CD56,2,938,0.22138138937818738,-0.0009873070424014966,6.831656156297404,8.393985113967136e-12,2.5333935573769898e-11
GENE_19667,CD8a,4,932,0.22053553006699655,-0.000592761388796363,6.828373199716039,8.588293093823746e-12,2.5884327029646814e-11
CD14,CD8a,2,938,-0.22510848036860595,-0.00036194988218886685,-6.824868539484316,8.800586738054417e-12,2.6487321474116558e-11
GENE_12119,IgM,4,932,-0.22617171253773496,-0.00011559568689501193,-6.820667674536195,9.061835059792279e-12,2.7235778882898568e-11
GENE_09829,IgM,4,932,-0.22134999066440436,-2.87602518618224e-05,-6.8176923324646435,9.251450420169924e-12,2.7767164903751005e-11
GENE_10069,CD56,0,3446,0.11460615656342411,0.0003692556496370544,6.816686472882587,9.316427753157995e-12,2.792351167509457e-11
GENE_05607,CD14,0,3446,-0.11892590254810316,-0.000996952181028442,-6.8033366186904365,1.0222340981873366e-11,3.0596426668120975e-11
GENE_01891,TIGIT,0,3446,0.11327424891626052,-0.0007134344806669586,6.7966200162400785,1.0710208884836082e-11,3.201244503922729e-11
GENE_07154,CD14,0,3446,-0.11996036030304247,-0.0009436843600865386,-6.7901562131018816,1.1201219226245024e-11,3.343394223591318e-11
MS4A1,CD45RO,2,938,-0.22237819170663803,-0.0011371902261475373,-6.786880742574486,1.1458384736488397e-11,3.415449755704313e-11
GENE_01891,CD56,0,3446,0.11672542482385004,6.742540391564046e-05,6.786295595893744,1.150493106784674e-11,3.421241696684673e-11
CD19,CD4,0,3446,-0.11666087328331319,0.0005152119417526648,-6.7862396409871595,1.150939177149574e-11,3.421241696684673e-11
GENE_01161,IgM,0,3446,-0.11625150387093232,0.00031174809768941237,-6.7839459364951775,1.1693710366097796e-11,3.4712699127854686e-11
GENE_02134,CD56,2,938,0.21932126695810003,-0.0013461586891043364,6.779775109550002,1.2036309351022298e-11,3.5680824026901946e-11
GENE_01621,IgM,4,932,-0.22502133871117105,0.00043387418916142876,-6.7742772908377455,1.25029669063743e-11,3.701356459851517e-11
GENE_02550,IgM,1,2427,-0.13872131635542714,-0.0005195114939229389,-6.773933214055242,1.2532754397888219e-11,3.7051130668790954e-11
GENE_05607,CD56,0,3446,0.11569944338643347,0.00011438631771353339,6.768213046145564,1.3038267217423652e-11,3.849308591302051e-11
GENE_03939,IgM,1,2427,-0.1372114323006494,-1.6247338736843677e-06,-6.747143345116064,1.5078429324059604e-11,4.4455722918690014e-11
GENE_19032,TIGIT,0,3446,0.11544144476041292,-0.0002236023098626025,6.742113537935587,1.5609902061635964e-11,4.596013283636567e-11
LYZ,CD8a,2,938,-0.22294950312888703,-0.0005636253108927004,-6.741295399973766,1.5698067685110414e-11,4.615700498457838e-11
NKG7,IgM,0,3446,-0.11750269597199738,0.0001446402964967896,-6.732160330569946,1.671622905799072e-11,4.908410348057709e-11
GENE_16261,IgM,1,2427,-0.13811872516822565,-0.0001757853643097391,-6.730905162071989,1.686108444875124e-11,4.9442449256351735e-11
GENE_07293,CD8a,4,932,0.2149886175807343,-0.0007803903373446256,6.730471411946958,1.6911427522251006e-11,4.952305870367288e-11
GENE_16139,CD14,0,3446,-0.1190169075827632,-0.0008515593015546587,-6.724176263570241,1.7658856335754613e-11,5.164202655813798e-11
GENE_11527,CD19,1,2427,-0.1397216664413031,-0.00043157045979958116,-6.715873477265894,1.8694295187288738e-11,5.459641195532977e-11
NCAM1,IgM,0,3446,-0.11833583025299584,0.00035723664317868276,-6.711077558989297,1.9319238177391006e-11,5.6345611211852365e-11
GENE_10609,CD56,0,3446,0.11271428373643708,0.0002463499479079016,6.7064132510167,1.9946633398805368e-11,5.8097250773133375e-11
GENE_08246,IgM,1,2427,-0.13860125515327398,-0.0004918925517918482,-6.705128958541142,2.012285771267099e-11,5.853185592397052e-11
GENE_08494,CD8a,4,932,0.21454179582814148,-0.0008380308295566342,6.704344752299436,2.0231211264607978e-11,5.876814317748725e-11
FCER1A,CD45RO,2,938,-0.21369155158599576,5.651254540218959e-05,-6.703959277062511,2.0284681470154355e-11,5.884458466643172e-11
CD8A,CD161,1,2427,0.13450179187398495,-0.0009968889299591165,6.702975085134704,2.0421829528503295e-11,5.916324142816396e-11
MS4A1,CD4,0,3446,-0.11255763827326139,0.0006967948968718397,-6.700830195985753,2.0723874691297596e-11,5.995812610953523e-11
CD8B,CD14,1,2427,-0.13514668728961576,0.0008907301075844378,-6.698845741356004,2.1007220103750067e-11,6.06968612864352e-11
GENE_01891,CD14,0,3446,-0.1187932406338962,-0.00017493493596581341,-6.695051783069654,2.1559527394110028e-11,6.220971486422959e-11
NKG7,CD161,4,932,0.2241259615645891,0.000714135094065827,6.692850877058397,2.1886414706020375e-11,6.306896365418372e-11
PPBP,CD16,2,938,0.22591645055087806,0.0007117166577883655,6.6917599123101,2.2050242949285223e-11,6.34566752604264e-11
GENE_04803,IgM,4,932,-0.21720266785134068,-0.0007630892308972698,-6.690264742404981,2.2276721605439566e-11,6.402341607292777e-11
GENE_07952,IgM,1,2427,-0.14070906385282028,-0.00017033269397294154,-6.68968784000119,2.2364714565383547e-11,6.413723354468905e-11
GENE_12119,CD8a,4,932,0.2116938808898252,-0.0004982783483167282,6.689617160194848,2.2375518486287458e-11,6.413723354468905e-11
CLEC9A,CD8a,1,2427,0.1322174422378781,-0.0005760232896540025,6.680718191748757,2.3777407444901545e-11,6.806557719035884e-11
CD79A,CD45RA,4,932,-0.2202607276358117,-0.00043362089090595417,-6.677387774290865,2.4323874051404574e-11,6.952501512310646e-11
CST3,CD8a,2,938,-0.21694833005174363,0.00023236227176624382,-6.677221954825174,2.435140123601191e-11,6.952501512310646e-11
GENE_02320,CD14,0,3446,-0.11744933335821657,-0.0003814374792526019,-6.6761418747663726,2.4531449752878705e-11,6.994691001906336e-11
GENE_19877,CD14,0,3446,-0.11688161857196733,-0.0006749239875745962,-6.672687594234459,2.5116068304236352e-11,7.151973720798972e-11
GENE_15775,CD56,2,938,0.21275738579464817,-0.0020821115761536146,6.6709166361184336,2.5421059962440293e-11,7.229322432888204e-11
GENE_14594,CD8a,4,932,0.21519643706308486,-0.001553207226876673,6.664566403486211,2.654478654001056e-11,7.53899769753642e-11
NKG7,CD45RO,2,938,-0.22160780255865942,-0.00026629284915632,-6.663351208155444,2.67653011125368e-11,7.591676375767964e-11
GENE_17801,CD19,1,2427,-0.13536553737060886,1.8331441277779245e-05,-6.6625305845096605,2.6915228276523827e-11,7.624222179768252e-11
GENE_04826,CD8a,4,932,0.21450462838483567,-0.0008571264332948823,6.658740878759081,2.761833586049608e-11,7.813176737558095e-11
CD19,IgM,2,938,0.22732011770034688,0.0023654088901079486,6.655772023130147,2.818167989428384e-11,7.962151281735734e-11
GENE_04293,CD8a,4,932,0.2198959992939495,-7.252262320858274e-05,6.65254577479866,2.8806618341934766e-11,8.128117441012061e-11
CST3,CD25,4,932,-0.21804424620456925,-0.0008417814668890809,-6.649912153790852,2.932680026361393e-11,8.264132141905252e-11
GENE_15546,CD56,0,3446,0.1123137505163287,0.00040233430781854026,6.648881429001244,2.9532878331130275e-11,8.311395758903806e-11
GENE_00658,CD56,2,938,0.21810912180983524,-0.0014513765395491843,6.637279049041356,3.1952640126348215e-11,8.980722588041061e-11
GENE_17046,CD56,0,3446,0.11424659197461953,0.00042634265449413,6.636577972810087,3.2104914192480764e-11,9.011832779158784e-11
GENE_13035,CD14,0,3446,-0.11520700920318488,-0.0001153365519088168,-6.635261665879437,3.239273755905991e-11,9.080861874577339e-11
GENE_14730,CD56,2,938,0.21637740185868404,0.0005225345641557429,6.632435352978419,3.3019297255321556e-11,9.244550019674653e-11
CD3E,CD16,3,171,-0.501418754716039,0.00011897494496618835,-6.6253428167498125,3.464432068729933e-11,9.686785425364572e-11
GENE_16711,CD19,1,2427,-0.13660021663154756,0.00011472064170331745,-6.625155603009316,3.4688257914549646e-11,9.686785425364572e-11
GENE_13013,CD8a,4,932,0.2166604291019486,0.0005844994128677384,6.623189821760847,3.515291252385161e-11,9.803907521130817e-11
GENE_17934,CD8a,4,932,0.20968395037424567,-3.4120830283817826e-05,6.619586143164044,3.60205888028282e-11,1.0032984053435567e-10
GENE_01420,IgM,4,932,-0.21752329789724226,-0.0006128708915902703,-6.618820876827279,3.6207525847659914e-11,1.0072106355825293e-10
GENE_11179,IgM,1,2427,-0.137685857746012,-0.00011069989086808609,-6.617306600609051,3.6580230991742245e-11,1.0162738533218647e-10
CD79A,CD56,4,932,-0.22610696993250298,-0.0007472732306688042,-6.609222921680625,3.8634258532482006e-11,1.0719646381547824e-10
PF4,IgM,1,2427,-0.13845612519251702,-0.0003422680275320033,-6.606528433637316,3.934367333248325e-11,1.0894234950075527e-10
GENE_00723,CD8a,4,932,0.21221199299440122,-0.00046538263880570714,6.60645180732051,3.936403306833936e-11,1.0894234950075527e-10
FCER1A,CD161,0,3446,0.11703785150125177,-5.1428219527348295e-05,6.60336475824244,4.0192896680194466e-11,1.1109439681885384e-10
GENE_19228,CD161,0,3446,0.11578818722162136,3.144105823892541e-05,6.601833462485129,4.061035750035657e-11,1.121052798767805e-10
GENE_09684,CD19,1,2427,-0.13446951443282687,-0.00011110644175319897,-6.591311427469487,4.3595830575836975e-11,1.2019359396671595e-10
GENE_13035,CD56,0,3446,0.10908882766420482,0.00022294598782970096,6.5909848902344,4.369183570628993e-11,1.2030521979101688e-10
GENE_14901,IgM,1,2427,-0.13906121733208449,-0.0006730515415039857,-6.586099962507206,4.515298817775113e-11,1.241707174888156e-10
GENE_19228,IgM,0,3446,-0.11311936527191906,0.0007957793758982737,-6.58563508228082,4.529450649360186e-11,1.2440202227076707e-10
GENE_15449,CD14,0,3446,-0.11491679721933332,-0.0007896582509627939,-6.583891752715115,4.582908431868156e-11,1.2571091863111763e-10
GENE_17046,TIGIT,0,3446,0.11064250054716339,-0.0005997100399599901,6.57361211771727,4.9109062839896376e-11,1.3453772335531661e-10
GENE_19667,CD19,4,932,-0.20564077456466892,0.0010749455174629198,-6.562582285521972,5.288383972560112e-11,1.446960614714364e-10
GENE_10288,CD56,2,938,0.20851689052033848,-0.0010119091718920122,6.555312238748367,5.5525572752203887e-11,1.5164407471810534e-10
CD19,CD19,2,938,0.21863656787727098,0.0007183419503745879,6.555211224922941,5.5563172739351934e-11,1.5164407471810534e-10
GENE_04613,CD56,0,3446,0.11220518438994753,8.309500657199717e-05,6.552220785120238,5.668764502523611e-11,1.5451839845243604e-10
GENE_05636,IgM,1,2427,-0.1341242994029712,-0.00021544512880461176,-6.549269298875125,5.7819285412122624e-11,1.574050144322484e-10
GENE_10670,CD19,1,2427,-0.13121475910888605,0.0006030353488228624,-6.548359915318534,5.81723872501002e-11,1.5816758239770032e-10
GENE_07952,CD19,1,2427,-0.1364406501174409,-0.00011861858527114688,-6.544298368623753,5.977535137787935e-11,1.6232228876674756e-10
LYZ,CD25,4,932,-0.21427289113247058,-0.0009640049708224075,-6.541020975790452,6.110026019541678e-11,1.657124703923256e-10
CST3,CD56,4,932,0.2125881199023139,0.0004737152379100181,6.521649353884944,6.953843001052842e-11,1.8836222229101882e-10
GENE_02725,CD8a,4,932,0.2149783136275702,-0.0002652340328170077,6.507029539538298,7.665134412392771e-11,2.0737011575100046e-10
CD3E,CD3,3,171,0.501904773282452,-0.00115317925264246,6.50159901615313,7.947070055815186e-11,2.1472943654553e-10
LYZ,CD45RA,0,3446,0.11641826699770748,0.0005748250945958021,6.501220189112204,7.967111572816025e-11,2.1500287395133658e-10
GENE_12604,CD56,2,938,0.21179810245804667,-0.0015169665191609172,6.500344465318516,8.013630348722026e-11,2.159892657422964e-10
GENE_04803,CD8a,4,932,0.21534916501069631,-0.00024201153288237252,6.496097388932517,8.243030733745999e-11,2.2189624347860348e-10
GENE_01161,CD56,0,3446,0.10922951575479554,0.00038178576933001754,6.493719405068858,8.374265764521277e-11,2.2514930411560307e-10
GENE_16690,CD56,2,938,0.20746527337901183,-0.001597741446739858,6.492424981873744,8.446558198475853e-11,2.2681154418955607e-10
CD79A,CD4,2,938,-0.21335699430019125,-0.0009573726175243065,-6.487148767510125,8.747595561808004e-11,2.3460445027769737e-10
CD19,CD56,4,932,-0.2190293198775626,-0.0007999142982363731,-6.486330500202251,8.79521228675972e-11,2.3558992614843403e-10
GENE_00877,CD8a,4,932,0.21011580220086915,-0.000199342659496493,6.481585445276726,9.07637419363629e-11,2.4269409811697786e-10
GENE_02136,CD19,1,2427,-0.1328313136840584,0.00020121852287044467,-6.481478198944631,9.082829421913662e-11,2.4269409811697786e-10
GENE_10590,IgM,1,2427,-0.13425891024294792,-0.0005499103716244579,-6.477496788399799,9.325675741525597e-11,2.488761001463789e-10
GENE_17396,CD14,0,3446,-0.11102715097580117,-0.0002967318694802954,-6.466537316852748,1.0027407332749599e-10,2.6727419052974637e-10
GENE_03570,IgM,4,932,-0.21523490978917686,-0.0008351637505152348,-6.463062052104916,1.0260519182680209e-10,2.7315165932270284e-10
GENE_09571,IgM,1,2427,-0.1300489711065936,0.00021335990853954063,-6.461515403912446,1.036596013092416e-10,2.756200687572105e-10
CD19,CD4,4,932,-0.2105928817447573,0.000821639805235877,-6.460842204123638,1.0412184935084186e-10,2.765098621853852e-10
GENE_05044,CD56,2,938,0.20562396956910145,-0.0017402710224894036,6.458179001950604,1.0597035420896796e-10,2.810743666717669e-10
CD8A,CD161,2,938,0.21362375654781654,0.0009892471269989662,6.455139631148317,1.0811916786422981e-10,2.8642327232492177e-10
GENE_02725,IgM,4,932,-0.21300098515698462,-0.0009490913932605627,-6.447399058199999,1.1378590515383942e-10,3.009490237941092e-10
GENE_13013,IgM,4,932,-0.21280933957974615,-0.0011318247236592341,-6.44727358708992,1.138801105266126e-10,3.009490237941092e-10
GENE_13941,CD19,4,932,-0.2055979587580745,0.00010828555567186606,-6.445906693954889,1.1491134417425332e-10,3.0330436397759673e-10
GENE_15546,CD14,0,3446,-0.11305103698388913,-0.0003964978964067638,-6.443309901981871,1.1689566091257272e-10,3.081665416028529e-10
GENE_07285,CD14,0,3446,-0.10849393058769423,-0.00044024456676707507,-6.437804203449158,1.2121421951702443e-10,3.1916307860679456e-10
GENE_06387,CD19,4,932,-0.20502612812388946,0.00037909793318503804,-6.435516868007977,1.2305386236641294e-10,3.2361373755827284e-10
GENE_12873,CD8a,4,932,0.21136539808052907,-0.0011588355451638472,6.432518876970292,1.2550643868625903e-10,3.296635789492404e-10
GENE_09571,CD19,1,2427,-0.13213333671451205,-1.7815570041927332e-05,-6.4283330675930594,1.2901082330923774e-10,3.3845817688997357e-10
GENE_10609,CD161,0,3446,0.11305087238760547,-0.00016792135530035155,6.42689012754202,1.3024088619086062e-10,3.412720681687968e-10
GENE_07285,CD56,0,3446,0.10872721084274994,-8.472957664457608e-05,6.426565840796534,1.3051890437189936e-10,3.41587519050611e-10
KLRB1,TIGIT,0,3446,0.10644396857391313,-0.000327328129535961,6.424748994065641,1.3208728844345966e-10,3.452752159915285e-10
PPBP,CD56,0,3446,0.10853421363864842,0.00014333650089264302,6.413080516402843,1.426081511971067e-10,3.7232754655919303e-10
GENE_11395,CD19,4,932,-0.2037095724478073,-7.714794296531716e-05,-6.411489186171281,1.4410498263670138e-10,3.757827886567171e-10
PF4,CD56,0,3446,0.10803823186495987,0.0006346314965047167,6.405292927715309,1.500809515527461e-10,3.9089593992163557e-10
NKG7,CD16,4,932,0.21227591049843914,0.0004972555783347725,6.401159028738166,1.5420185542875453e-10,4.011469636423902e-10
GENE_03939,CD19,1,2427,-0.13103104409859012,0.00020605273948188574,-6.396825291576198,1.586406625218022e-10,4.121994192862654e-10
GENE_14372,CD19,1,2427,-0.13026237758963052,-0.000742196925677359,-6.394755582459039,1.6080436750910643e-10,4.173210352002798e-10
GENE_15775,CD45RO,2,938,-0.21387783694275875,-0.0005092387514524054,-6.3918766075632565,1.638621109353978e-10,4.242840494483341e-10
GENE_07293,CD19,4,932,-0.2061566904439424,-6.78560301824704e-05,-6.391860870911178,1.638789798745988e-10,4.242840494483341e-10
MS4A1,CD8a,4,932,-0.1985615690118227,-0.0006543797796191455,-6.38982783377903,1.660726288963503e-10,4.294503422653832e-10
GENE_16139,CD56,0,3446,0.10543474174583874,0.000231999116941853,6.386520657218974,1.6970251892633577e-10,4.3831389572511277e-10
GENE_01061,IgM,1,2427,-0.13105653688634147,-0.0006339030122699662,-6.384000199954378,1.7252086434131346e-10,4.45062753604317e-10
GENE_12119,CD19,4,932,-0.20419069164791082,0.0003266344606610715,-6.380842161039895,1.7611675666173596e-10,4.5379906264682734e-10
GENE_09529,CD8a,4,932,0.20437655022684142,-0.0007531903207956059,6.3782770290336135,1.790913430394124e-10,4.6091560613587486e-10
CD19,CD45RO,2,938,-0.2146697843539612,-0.00035667408133484855,-6.377275987606249,1.8026544131897766e-10,4.633869648140268e-10
CD19,HLA-DR,1,2427,0.12795844082971972,-0.0004185299196510744,6.366737589099309,1.9309110405797212e-10,4.957682730967127e-10
GENE_12808,IgM,1,2427,-0.13196998777233257,-0.00030966268293592357,-6.36505280039003,1.9522256685791623e-10,5.006476951255675e-10
GENE_17396,CD161,0,3446,0.1107777801689243,-0.00011494426789257995,6.356091823963838,2.0695134653510666e-10,5.30098780072785e-10
GENE_05259,IgM,1,2427,-0.12737416347709532,-0.00010957953848631499,-6.3548672024027,2.0860675683119906e-10,5.337081960486522e-10
MS4A1,CD56,4,932,-0.21781969606314747,-0.0006438813105132438,-6.350322064383322,2.148646099002208e-10,5.490702944030406e-10
GENE_08530,IgM,4,932,-0.20956739774600128,-0.0010609122666681231,-6.350136695214403,2.1512368482298307e-10,5.490848351135505e-10
GENE_05259,CD19,1,2427,-0.12997064377201284,0.0002810384483358149,-6.3478757859209765,2.183082310596924e-10,5.565575725957098e-10
GENE_09684,IgM,1,2427,-0.13156519525379654,-0.0001872988419703911,-6.341802867720644,2.2709178422883004e-10,5.782701485591947e-10
NCAM1,CD161,4,932,0.21002681122162445,0.001061832444723025,6.340815280680258,2.285524393477038e-10,5.807017561406439e-10
CD8B,CD161,2,938,0.20750509635336684,0.0002565168865219495,6.3407949210286825,2.2858264789477123e-10,5.807017561406439e-10
GENE_15546,IgM,0,3446,-0.10875255171197604,0.00036334618120751944,-6.338439035674579,2.3210464586837022e-10,5.889587442584992e-10
GENE_00509,CD19,1,2427,-0.13009510763749074,3.681259039844003e-05,-6.336428279851333,2.351525649255985e-10,5.959948633845286e-10
FCER1A,IgM,1,2427,-0.13009786673356566,-9.019076346662529e-05,-6.331558153008649,2.426976630215278e-10,6.143993408500593e-10
GENE_04125,CD161,0,3446,0.10946583911565083,0.00020231163063219514,6.329903609281317,2.453143983273212e-10,6.202990678825028e-10
GENE_09573,IgM,1,2427,-0.13118692684473843,-0.00013090039774045476,-6.324652253451215,2.53803495222144e-10,6.41016519984133e-10
CD8A,CD14,1,2427,-0.12936316152078578,0.0006695529439004236,-6.323800057459877,2.55207907194004e-10,6.438131954475049e-10
MS4A1,CD4,2,938,-0.20769492165111764,-0.0022339503420625065,-6.3204325043072656,2.6083223914342503e-10,6.572365839811652e-10
CST3,CD19,0,3446,-0.10813455246137166,1.707591213234427e-05,-6.3028727572185055,2.921787546221577e-10,7.353674346878232e-10
GENE_08530,CD8a,4,932,0.205634905249365,-0.0004122331805953826,6.301057831263985,2.956210592030809e-10,7.431680223817589e-10
GENE_11451,CD19,4,932,-0.1992327846276143,0.0004957496358145744,-6.30082292737697,2.96069477358836e-10,7.434328591385835e-10
GENE_11354,CD56,0,3446,0.10525309899469194,0.0004249746672184199,6.297303795372707,3.028673464683491e-10,7.596221525427228e-10
GENE_00800,CD45RO,2,938,-0.20541250511994555,-0.0007846520184866331,-6.296176712506182,3.050765683813281e-10,7.642785244882521e-10
GENE_19032,CD56,0,3446,0.10754954603737604,0.0007132131102362941,6.288941515524803,3.196378513074443e-10,7.99832821920591e-10
GZMA,CD161,2,938,0.20723111488642781,0.000569099425067264,6.278974223602962,3.408140843403281e-10,8.518386629359757e-10
GENE_01361,CD56,2,938,0.20520041483418378,-0.0005867814440408039,6.266346004267785,3.696185592623874e-10,9.227689146562136e-10
GENE_15802,CD56,2,938,0.2030782490584251,-0.0018509525302473535,6.261618526412715,3.8100206016872536e-10,9.500937449777075e-10
GENE_00483,IgM,1,2427,-0.1258604352734497,-0.00031625403194898894,-6.260882817168458,3.8280411046746005e-10,9.53490238371248e-10
GENE_00944,CD8a,4,932,0.20250247291966114,-0.0012792925972763575,6.247293767867051,4.1762515058511255e-10,1.0390283597220884e-09
GENE_04826,CD19,4,932,-0.1997420030141041,0.0004615071033278629,-6.244290302206612,4.257286544213522e-10,1.0579747639117778e-09
GENE_03621,CD16,2,938,0.21059627730323804,-0.00027014747830531716,6.243292225381988,4.2845533880870995e-10,1.0635311789215058e-09
GENE_10668,IgM,1,2427,-0.12946020055253915,-0.00014961510830318087,-6.235829990725229,4.4938894885482677e-10,1.114217222160652e-09
FCER1A,IgM,0,3446,-0.1065037380231528,0.0006266026621627287,-6.23350987264512,4.5609859678932624e-10,1.1295607534199656e-09
GENE_16987,CD161,0,3446,0.10899850370108219,0.000349235739989569,6.2304228419891885,4.651778945022474e-10,1.1507311613999658e-09
GENE_10222,CD45RO,2,938,-0.20506936851168653,0.0007477346646121489,-6.217449955150169,5.052992400197574e-10,1.2485558188401533e-09
GENE_14089,CD14,0,3446,-0.10445156146263246,-0.00027777656793487164,-6.214147816054879,5.160393374399977e-10,1.273641508237443e-09
GENE_02415,IgM,4,932,-0.20363855062154984,0.00047392956778252417,-6.213135247164047,5.193770847032125e-10,1.2804210950533122e-09
KLRB1,CD16,4,932,0.20403773360618244,0.001536020614113215,6.204856673282188,5.474677412750993e-10,1.348139312889932e-09
GENE_10670,IgM,1,2427,-0.1267296188264759,-0.0004581247358840796,-6.198744476645775,5.691534581641036e-10,1.3999495389802639e-09
GENE_00509,IgM,1,2427,-0.12852345857887296,-0.00021510956207229472,-6.195817834578566,5.798315770827337e-10,1.4245975368914784e-09
CLEC9A,CD8a,4,932,0.2025464478022751,-0.000890840460901799,6.194747802910068,5.837842811168744e-10,1.4326846400682524e-09
GENE_18160,CD56,2,938,0.2038470346278802,-0.0006453411796418533,6.193494105533153,5.884489032031271e-10,1.442498612263774e-09
GENE_00617,IgM,1,2427,-0.12531584975851756,-3.0359873896758426e-05,-6.191484559450292,5.960017727914601e-10,1.45936253292553e-09
GENE_17801,IgM,1,2427,-0.12473911103689593,-0.00012807091816405288,-6.189577156663845,6.032581921714238e-10,1.4754633210332678e-09
GENE_01610,CD19,4,932,-0.19632109292478997,0.0002515866955129571,-6.188717753390471,6.065557611490954e-10,1.4818560703608678e-09
GENE_19000,IgM,0,3446,-0.1069153505035512,0.00026204139724492805,-6.188158680948014,6.087103824224666e-10,1.4854452688169877e-09
CLEC9A,CD56,0,3446,0.10657617734514671,0.00013820997605394741,6.183876418852794,6.25463389878368e-10,1.524610985226573e-09
CD3G,CD3,3,171,0.4675436271328304,-0.0020052166396324392,6.1772431389435525,6.523057832909941e-10,1.5882546431366116e-09
GENE_04293,CD19,4,932,-0.19181043578101808,0.0005134264254870816,-6.176270107049484,6.563366295423873e-10,1.5962755064179047e-09
GENE_07154,CD56,0,3446,0.1063615708872245,0.0005025095593432645,6.175470558112991,6.596669906921117e-10,1.6025766466701861e-09
GENE_01041,CD19,4,932,-0.1977320226175686,0.0004933775395830655,-6.174733897850378,6.62749990524148e-10,1.6082634148553513e-09
GENE_11179,CD19,1,2427,-0.12365221228993908,-0.0002897512002455429,-6.170576811182027,6.804131069112072e-10,1.6492787501975236e-09
GENE_09684,TIGIT,1,2427,0.12372853669607356,-0.0003543977024823029,6.166088803110707,6.999978281576504e-10,1.6948550766677412e-09
CD3G,CD19,2,938,-0.20114733110456887,0.00019712932899550533,-6.162372145010212,7.166318817375265e-10,1.7331934014790402e-09
GENE_06740,CD161,0,3446,0.10866913902557142,0.00047076636228721104,6.157016286486782,7.412822843740921e-10,1.7903674263920582e-09
GENE_19228,CD56,0,3446,0.10473590270382657,-0.000285984949141403,6.156879128417242,7.419242957545307e-10,1.7903674263920582e-09
CST3,CD56,1,2427,0.12410012391239822,0.0005240563462257574,6.151956233132167,7.653300068629437e-10,1.844794354696328e-09
GENE_09688,CD56,0,3446,0.10262142408563235,-6.0026905769332175e-05,6.1501645542885575,7.740259839022664e-10,1.863682563462457e-09
GENE_13013,CD19,4,932,-0.1950471272564306,-0.00032904645603945153,-6.148969358760344,7.798804194850684e-10,1.875694638206596e-09
GENE_09573,CD19,1,2427,-0.12899227642872743,-0.0004202488281132396,-6.146546452840289,7.918813892884794e-10,1.9024467523150055e-09
CD14,CD14,5,86,0.6663143693754418,-0.0059592115308527765,6.14303968736813,8.095704511827334e-10,1.942767339782823e-09
GENE_16987,CD56,0,3446,0.10268489342643863,-0.00028822303116863353,6.142865783706122,8.104576258254138e-10,1.942767339782823e-09
GENE_00658,CD45RO,2,938,-0.20261762963069171,-0.0004722096284367588,-6.140153231913332,8.244191606659432e-10,1.974051183605634e-09
CD79A,CD45RO,2,938,-0.20260825703118754,-0.0001418394746560307,-6.138613004670819,8.324508552728694e-10,1.9889485707811136e-09
GENE_02017,IgM,0,3446,-0.10683047250378726,0.00012188038779505401,-6.138608129602491,8.324763976458098e-10,1.9889485707811136e-09
CD19,CD8a,4,932,-0.19557980986228668,-0.0005031183919516219,-6.134351577293712,8.550723135226619e-10,2.0406846953784235e-09
GENE_02415,CD8a,4,932,0.2010756306458697,-0.0010559048819427264,6.127062241414052,8.951646144194458e-10,2.134017293120945e-09
CST3,CD19,1,2427,-0.12342268230015636,-8.742546688191831e-05,-6.113828817268137,9.726864410864587e-10,2.3162763932245668e-09
CD79A,CD4,4,932,-0.19844029077130906,0.00047789611186058433,-6.112552584934707,9.804998310699527e-10,2.3323195762114026e-09
CLEC9A,CD19,4,932,-0.19275395553655875,0.00029954590795153017,-6.112365075763661,9.816529501780125e-10,2.332502130521659e-09
MS4A1,CD45RO,4,932,-0.19774709350131917,-0.0002746582853648935,-6.107967761313064,1.0090772898752447e-09,2.395038868740039e-09
GENE_11105,CD161,0,3446,0.1076271965754864,0.0005661600587370996,6.107641825183203,1.0111395058309822e-09,2.397307778047854e-09
CD79A,IgM,2,938,0.2098628966249291,0.0022670545281688625,6.104160750930989,1.033422381427624e-09,2.4474604377635642e-09
GENE_00877,IgM,4,932,-0.2012094660828403,-3.8035658088621274e-05,-6.102032169767168,1.0472828910542876e-09,2.4775786298194773e-09
GENE_16987,CD14,0,3446,-0.10715684271889515,-0.0006383906882243012,-6.0947758237011085,1.0959091958023363e-09,2.5897875979320204e-09
CD3D,CD16,3,171,-0.4679502918827237,-0.0003567827110853266,-6.092160941702796,1.113966048867163e-09,2.629590880060068e-09
GENE_17934,CD19,4,932,-0.19504194898327723,4.857287084359194e-05,-6.085800621921707,1.159106125407482e-09,2.7331697211730285e-09
CST3,CD14,5,86,0.6678432608659535,-0.0037523006343295226,6.079026005640313,1.2091475015518656e-09,2.848068082459666e-09
GENE_05607,CD161,0,3446,0.10542415359716764,0.0002287321473482973,6.0782815389711775,1.2147733528323255e-09,2.8582126553611828e-09
GENE_10844,CD14,0,3446,-0.10355826616160888,-0.00041364026940591067,-6.0712986245229335,1.2687999535676575e-09,2.982092732517477e-09
CLEC9A,IgM,1,2427,-0.12475156138055314,-0.0007405966425849826,-6.068648363309842,1.2899122169016016e-09,3.028428790927162e-09
MS4A1,IgM,2,938,0.20520550992512915,0.002335647594213584,6.067428077699329,1.299747908036997e-09,3.0482183081343857e-09
GENE_14901,CD19,1,2427,-0.12604457790746715,-0.00017497885504786563,-6.056808595517649,1.3884863645116006e-09,3.2528107588071767e-09
GENE_11527,IgM,1,2427,-0.12575006896457733,-0.00024199655329855855,-6.053513369400976,1.417203044794576e-09,3.3164999979156003e-09
CD3G,CD16,3,171,-0.46702160343222626,0.00021641422550770868,-6.053048517577952,1.4213003649134745e-09,3.3225004215399128e-09
CST3,CD45RA,0,3446,0.10710544350342743,0.000695990870337789,6.051156086723289,1.4381002296003853e-09,3.358149997353486e-09
CD19,CD45RA,4,932,-0.1982984246645275,-0.00031255435448914826,-6.048963634799363,1.4578055756735632e-09,3.400500196431229e-09
PF4,IgM,0,3446,-0.10575654862860756,9.12492286113459e-06,-6.048013495484537,1.4664267577191095e-09,3.416932025782054e-09
CD14,CD19,0,3446,-0.102566391588247,-1.6515965736595257e-05,-6.042988748644504,1.5128520797974145e-09,3.5213216508281386e-09
GENE_12873,IgM,4,932,-0.19333574874824389,-0.00046890861314780773,-6.03967425814865,1.5442565887984558e-09,3.590562261723448e-09
GENE_06812,CD8a,4,932,0.19653087275333533,-0.0006207354526690217,6.037324473963574,1.566904527335073e-09,3.639316303038696e-09
GENE_16261,CD19,1,2427,-0.12673517257214117,-0.0003063106968305659,-6.0371458803685005,1.56863904221497e-09,3.639444116145439e-09
GENE_17396,IgM,0,3446,-0.10433612990408653,0.00035200397870975515,-6.03647171741847,1.5752034446885018e-09,3.6507656306309986e-09
PF4,CD19,1,2427,-0.12300744809573823,-8.290057170601354e-05,-6.034879623876579,1.5908122885640236e-09,3.6830023817502555e-09
CD3E,CD38,0,3446,-0.10126978301676401,-0.00020490814893519259,-6.029919689555492,1.6404117735208731e-09,3.7927128863879025e-09
GENE_13579,CD19,1,2427,-0.12517695597243014,-0.00018378625357627965,-6.029792787904563,1.641700363374182e-09,3.7927128863879025e-09
CD14,CD45RA,0,3446,0.1089604563064009,0.0008211925956042081,6.022086788498366,1.7218251984870473e-09,3.973583818020694e-09
GENE_00723,CD19,4,932,-0.1967691592745342,-0.00017451411780160567,-6.003516329501977,1.9308933653559843e-09,4.451325449708956e-09
GENE_17046,IgM,0,3446,-0.10218395987176328,0.00033289846735959133,-6.00269824907563,1.9406508268277533e-09,4.469065187816941e-09
GENE_10590,CD19,1,2427,-0.12262594684968632,4.737430660527423e-06,-6.0008996125119225,1.962272861436313e-09,4.514060818187358e-09
GENE_08246,CD19,1,2427,-0.12148166647673442,-0.00013082836290697784,-5.998130420751408,1.996021866677527e-09,4.586828616214424e-09
CD3G,CD38,0,3446,-0.10166975036008025,-0.00033730408897249096,-5.995239139623979,2.031862138968383e-09,4.664242855025938e-09
PF4,TIGIT,1,2427,0.11545328676147094,-0.0008598737614149701,5.993131152304846,2.058387115100216e-09,4.720132146478485e-09
GENE_01621,CD19,4,932,-0.19833235958469864,0.0001492846567322603,-5.987012407438456,2.137304845365616e-09,4.890414300001095e-09
GENE_19032,CD14,0,3446,-0.10399234485026776,-0.0003799576918312064,-5.986929441217406,2.1383949158302463e-09,4.890414300001095e-09
GENE_08439,CD56,2,938,0.18969117447268724,-0.0016500224212841652,5.986851823180473,2.1394152083068936e-09,4.890414300001095e-09
GENE_07952,TIGIT,1,2427,0.11728153341013645,-0.0008320466210011793,5.975732731386087,2.29058272155057e-09,5.230445476923167e-09
GENE_03570,CD8a,4,932,0.18681073986997285,-0.0013842240921135213,5.97366313710152,2.3198457696806855e-09,5.291690297787416e-09
CST3,CD45RO,1,2427,-0.12460690669150012,-0.0009224718187184303,-5.97070248478861,2.3623418992133112e-09,5.382959932276809e-09
GENE_10890,CD45RO,2,938,-0.19501770574631588,0.00036076100091962535,-5.9677260011802025,2.4058292685366455e-09,5.476294143822385e-09
GENE_05558,CD45RO,2,938,-0.19945466043492022,-0.0010219959271313068,-5.965557229323818,2.4380057638097735e-09,5.5437130012337666e-09
CD79A,CD56,2,938,0.19089226958466005,-0.001263451105165993,5.960056550150761,2.5215065975624704e-09,5.7275731623877085e-09
GENE_07154,CD161,0,3446,0.1040962751833627,0.0007379110845408746,5.9594279062946764,2.531224997117553e-09,5.743627820684542e-09
LYZ,CD14,5,86,0.648316582556262,-0.0020244627649342933,5.957961655748898,2.5540342052943813e-09,5.789322304260381e-09
GENE_10844,CD56,0,3446,0.10164155012896726,0.0002914332364116213,5.953975643838882,2.617057677845667e-09,5.925981178570074e-09
FCER1A,CD8a,4,932,0.1924638081684508,-0.0007693925952911208,5.95033009705752,2.6760223221395407e-09,6.0531736660505055e-09
GENE_02134,CD45RO,2,938,-0.1977140049566789,-0.0005909488311417614,-5.9462599151911695,2.743384194115056e-09,6.199075650310038e-09
GENE_10609,IgM,0,3446,-0.10403085133947763,0.00029236593818475693,-5.944133997176108,2.7792219239435415e-09,6.273514488735056e-09
GENE_07686,CD45RO,2,938,-0.1931416390853039,-0.0005385244418827748,-5.921862583115318,3.1831556495540622e-09,7.177833811221283e-09
GENE_01061,CD19,1,2427,-0.12266682602944176,0.00040934572172910766,-5.917387798151407,3.270948492777307e-09,7.368134494644932e-09
GENE_10069,IgM,0,3446,-0.10141287142970078,0.00038272934105050994,-5.917176505499308,3.2751517064199468e-09,7.369941586513006e-09
GENE_13035,IgM,0,3446,-0.10027904193284089,0.00037427730813380293,-5.912933636747942,3.360676076315268e-09,7.554548814704549e-09
GENE_09438,CD56,0,3446,0.10076823581773467,0.0005180861226276464,5.9106459082273215,3.40768851142377e-09,7.652291196119492e-09
NKG7,CD3,0,3446,0.09613332386742415,-8.705031438018814e-05,5.9062559457108765,3.499701175798345e-09,7.847765821674208e-09
GENE_05651,CD19,1,2427,-0.1233232520460975,-8.8551400430839e-05,-5.906148677926141,3.5019794875675864e-09,7.847765821674208e-09
GENE_15546,CD161,0,3446,0.10200008302999472,0.00011397340410685363,5.904617375314357,3.534661413514434e-09,7.912821573435722e-09
GENE_04573,CD45RO,2,938,-0.19426422685940667,-0.0006455853783752376,-5.904346106453381,3.540481862656414e-09,7.917672029284263e-09
NCAM1,CD4,1,2427,-0.11840529553139352,0.0005702082429398272,-5.901905643623792,3.593266650546404e-09,8.027431785292843e-09
CD3D,CD38,0,3446,-0.10028064508915406,-0.00028524542051945075,-5.895314141928757,3.739692261544576e-09,8.34594555176838e-09
NCAM1,CD3,0,3446,0.09810089845631355,-2.1346970658805986e-05,5.894002383468394,3.769517276221144e-09,8.40385178762471e-09
CLEC9A,CD4,2,938,-0.1858291992723601,0.0005285718062508747,-5.891420673145476,3.828894538744889e-09,8.527455771284866e-09
CD79A,CD8a,4,932,-0.19014141226528666,-0.0008693109554459623,-5.8897686402623055,3.867366595978346e-09,8.60429508571363e-09
LYZ,CD56,1,2427,0.11736692438125039,0.0005991898655979517,5.885398025747479,3.970971653549409e-09,8.822125249501295e-09
GENE_04613,IgM,0,3446,-0.10270213263832438,0.0001102437876053668,-5.885296221855158,3.973416817495738e-09,8.822125249501295e-09
GENE_15449,CD56,0,3446,0.09896784671662967,1.2116008173656024e-05,5.884464780570849,3.9934416193748545e-09,8.857510736115976e-09
KLRB1,IgM,0,3446,-0.10238206012948703,0.00014633882028656432,-5.882677767655352,4.036813831052155e-09,8.944555799478548e-09
GENE_02320,IgM,0,3446,-0.10097057187695306,0.00030999717524659274,-5.879008956910727,4.127300411337886e-09,9.135709899253522e-09
GENE_11105,IgM,0,3446,-0.10312071029471956,0.000300686921843173,-5.868009422350091,4.410581941243631e-09,9.75278680272954e-09
GENE_14594,CD19,4,932,-0.18550979336551007,0.00027910494174112444,-5.866333323266006,4.455376987444708e-09,9.841796056873274e-09
GENE_02320,CD56,0,3446,0.10142518044521318,0.0004948634195084671,5.8639192010908605,4.520675241043896e-09,9.97586888731377e-09
GENE_07285,IgM,0,3446,-0.10089337802683648,0.00045132728734976005,-5.861976519824748,4.5738971449924095e-09,1.0083046910680113e-08
GENE_16690,CD45RO,2,938,-0.187944673493465,0.00014154021128078112,-5.850264158411694,4.907929173021792e-09,1.080841719302665e-08
GENE_05558,CD16,2,938,0.19569627807248263,0.0008724238718046947,5.8484800580031155,4.9608510165486475e-09,1.0913872236407025e-08
CLEC9A,CD19,1,2427,-0.11868938706754763,-0.00025826342526723647,-5.845173319218949,5.060411056867243e-09,1.1121613347090584e-08
GENE_08530,CD19,4,932,-0.18955539989353498,-3.94735847442089e-05,-5.840479830667223,5.205068696141136e-09,1.142794717784989e-08
GENE_04125,CD56,0,3446,0.09946382322612995,-0.0001246444678878377,5.835741500722251,5.355186763813365e-09,1.1745637365570409e-08
MS4A1,CD45RA,4,932,-0.19576816548397274,-0.0007154254243234191,-5.83522181081184,5.371905479763136e-09,1.1770393503181714e-08
CLEC9A,CD161,0,3446,0.10008080569647311,0.0004833120130668099,5.828055833297304,5.6076818834325815e-09,1.2274592567069096e-08
LYZ,CD3,1,2427,-0.12034860375503337,0.0005369072403917837,-5.827282449708568,5.633721819825992e-09,1.2319147511163396e-08
CD79A,CD45RO,4,932,-0.1870959267381786,-0.00026976361070974456,-5.827101047083736,5.63984668302696e-09,1.2320108631168773e-08
MS4A1,CD4,4,932,-0.19481607801199424,7.685309934754464e-05,-5.823910858079733,5.748624650959361e-09,1.2545085215134879e-08
MS4A1,CD56,2,938,0.18796000604926924,-0.0007227043698953034,5.823366619476167,5.767384582452698e-09,1.2573362565568408e-08
CD79A,CD3,2,938,-0.19559317697493891,-0.0010697703845333447,-5.816896701117257,5.9950162977874965e-09,1.3056482730960306e-08
FCER1A,CD14,0,3446,-0.0988165581840034,0.00017825805990868203,-5.813853724939312,6.105076637101732e-09,1.3282832402208286e-08
GENE_12873,CD19,4,932,-0.1839216136173605,0.0006911190650177627,-5.806534242406691,6.377923358724185e-09,1.3862547561038423e-08
NCAM1,CD16,4,932,0.18908345649785485,0.0012162774895964363,5.799666617939418,6.644688769004044e-09,1.4427896355142047e-08
CST3,CD38,0,3446,0.09957815092715208,7.14019263152624e-05,5.796302417835519,6.779296904164968e-09,1.4705441833158645e-08
GENE_09438,CD161,0,3446,0.10316728213315893,6.541553489283245e-06,5.794711479082513,6.843873482396293e-09,1.4830673836352767e-08
GENE_10668,CD19,1,2427,-0.12083979076649844,0.00029427522811397317,-5.793490695235373,6.8938306481261036e-09,1.4924007007481783e-08
GENE_04161,IgM,0,3446,-0.09998819749694476,0.0005086584383329277,-5.790412679845435,7.0213693920434125e-09,1.518493759736335e-08
GENE_00820,CD45RO,2,938,-0.1926347130257421,-0.0007504265785755934,-5.789880592632693,7.0436480229573585e-09,1.521793147133459e-08
GENE_04803,CD19,4,932,-0.18599434341254184,0.0002615718685071313,-5.788942098073498,7.083110710033647e-09,1.5287949112194137e-08
GENE_09688,IgM,0,3446,-0.09865418631291988,0.00023586103050240843,-5.781640393876182,7.397570742403695e-09,1.59507818893421e-08
FCER1A,CD19,4,932,-0.18017522575196324,0.0008219328020491766,-5.779198288819854,7.505742363843846e-09,1.6167936085934013e-08
LYZ,CD38,0,3446,0.09955301156038682,0.00019782126640443444,5.77119414977911,7.871172073727187e-09,1.693826204942087e-08
GENE_10069,CD161,0,3446,0.10081948672447903,-5.5118433282954765e-05,5.7651280609080215,8.159586018018423e-09,1.7541490973259844e-08
GENE_18936,CD45RO,2,938,-0.18854976197879242,0.0005083260054894696,-5.759086835844257,8.457019064492523e-09,1.816289426437591e-08
GENE_10668,TIGIT,1,2427,0.11598224653277767,0.00018549762778710406,5.757468359145197,8.538476689533859e-09,1.831968216457413e-08
MS4A1,CD3,2,938,-0.1932370910389684,-0.0018534929019394808,-5.753713354675277,8.73041418572144e-09,1.87129649262694e-08
GENE_19877,CD161,0,3446,0.10101395166772822,0.00012243027614052067,5.74937654371298,8.957313018983682e-09,1.918033331238897e-08
PPBP,IgM,0,3446,-0.09882105504480583,-0.00016767969460939754,-5.744019502913135,9.245513232553194e-09,1.9767586712973955e-08
GENE_04573,CD16,2,938,0.19235963494401115,0.0004824598346184413,5.7439409145145435,9.249807534358833e-09,1.9767586712973955e-08
GENE_19000,CD161,0,3446,0.09921903830267917,0.00046440536368274644,5.743148009150774,9.293242832239128e-09,1.984084454922383e-08
GENE_18631,CD19,4,932,-0.18451415606947547,0.00011346020535513282,-5.730503222376925,1.0013312532966112e-08,2.1357134113127527e-08
CD19,CD3,2,938,-0.19824838832665634,-0.0019076319156604597,-5.729665875975644,1.0062864576927215e-08,2.1441718326648254e-08
LYZ,CD14,3,171,0.4397511936598417,-0.0014435123311874922,5.7252289734817685,1.0329432762363532e-08,2.1988095084520407e-08
GENE_06740,IgM,0,3446,-0.09925054610836989,0.00032322520731914895,-5.7145992915352775,1.0996282828356604e-08,2.338463679003804e-08
GENE_00877,CD19,4,932,-0.18217890631562444,0.000552501745285433,-5.706260703129652,1.1548507307019473e-08,2.4534916994422742e-08
GENE_14297,CD3,4,932,0.18435343366195997,-0.0009806058719425345,5.705319666090312,1.1612494442482566e-08,2.4646694864701e-08
GENE_16888,IgM,0,3446,-0.0991971049244276,-0.00020605566379515165,-5.703470956626179,1.1739204802282672e-08,2.4891249321474118e-08
GENE_17046,CD14,0,3446,-0.09981513302659632,-0.0002867442471489472,-5.702393903856084,1.181364419325765e-08,2.5024601140556527e-08
CD14,CD19,1,2427,-0.11582292062137287,-0.00011349193952623653,-5.693511481488634,1.2445284305943026e-08,2.633684676853373e-08
GENE_17405,IgM,1,2427,-0.1219462413767502,-0.0006575503780421796,-5.693341899786852,1.2457657103646035e-08,2.6337310188878986e-08
GENE_07154,IgM,0,3446,-0.09890869826330513,-0.00034009730301452475,-5.690936352094142,1.2634460038378572e-08,2.668506325844675e-08
GENE_02017,CD56,0,3446,0.0954033712427093,-0.000489185298146326,5.689421332823808,1.2747059621589092e-08,2.6896668159672407e-08
PF4,CD14,0,3446,-0.09904530633356183,-0.0005109297702333593,-5.689190395083784,1.2764308839754509e-08,2.690686503477434e-08
CLEC9A,CD16,2,938,0.18715123070135867,6.670925402652006e-05,5.687300347788246,1.2906335288853894e-08,2.7179813965934296e-08
GZMA,HLA-DR,4,932,-0.19429409305372947,0.0004629637786617259,-5.686407689080236,1.297394625928208e-08,2.7295671401809967e-08
GENE_04613,CD161,0,3446,0.10098082501246276,-0.00046136349926584666,5.68469122182988,1.3104921758789101e-08,2.7544486373710944e-08
GENE_10670,TIGIT,1,2427,0.11427994628581581,-3.4987734529058185e-05,5.668667345721605,1.4391246684858575e-08,3.021882903690749e-08
GENE_06523,CD45RO,2,938,-0.18658950140653985,1.0888093559698839e-05,-5.654413104557159,1.563796868957973e-08,3.2804915924800846e-08
GENE_15449,CD161,0,3446,0.09965948022147345,0.0003487941379046792,5.646679105523017,1.6357674111107494e-08,3.4281508509448685e-08
KLRB1,CD161,4,932,0.19063067149795251,0.0008612692946976281,5.646116005679767,1.641131297560615e-08,3.43606910320179e-08
NCAM1,CD161,2,938,0.1891964924200062,0.00026786821857617836,5.643043435306824,1.6707017574631047e-08,3.494604930909795e-08
GENE_12577,CD19,1,2427,-0.11502158044820093,-0.0004331555096817228,-5.641298456529926,1.6877251632000137e-08,3.526808513649402e-08
MS4A1,HLA-DR,1,2427,0.11113968634632683,-0.0005148829736368325,5.638572712122045,1.7146541639084182e-08,3.579629646618056e-08
PF4,CD161,0,3446,0.09982208349308452,0.0001933898245141863,5.627663041495188,1.826674776399531e-08,3.809821213145124e-08
GENE_01202,CD45RO,2,938,-0.18195977918815567,0.00041056763454858043,-5.626761287564645,1.8362455922970088e-08,3.82610019087271e-08
GENE_16867,CD19,1,2427,-0.11841540779538094,-0.0003812892711756238,-5.620615669892761,1.902781434815257e-08,3.960929269207168e-08
KLRB1,HLA-DR,1,2427,-0.11012941166433929,-0.00012935842368856775,-5.6193747464892585,1.916497586127457e-08,3.985652849460844e-08
FCER1A,CD19,1,2427,-0.11613874060862214,-0.0004984654830467813,-5.615907729910509,1.9553298950349045e-08,4.062511872042798e-08
GENE_09688,CD161,0,3446,0.09715508985150685,-0.00021466423082916285,5.6124197056768566,1.9951679731234192e-08,4.1413113005349133e-08
GENE_18631,CD8a,4,932,0.1828821883040929,-0.0009327041957304657,5.610034863537082,2.0228585931706598e-08,4.194769924785474e-08
CD8B,CD56,4,932,0.1794488138237188,-0.00018702021517227264,5.609367118701155,2.0306784652159172e-08,4.206960070863186e-08
GENE_11354,IgM,0,3446,-0.09538875537782271,0.00031531293302217243,-5.602310592765715,2.1151310906384283e-08,4.377735504692907e-08
GENE_14730,CD45RO,2,938,-0.18752988363721645,-0.001626628369193245,-5.601003834588049,2.1311402205601208e-08,4.4066611240017e-08
GENE_10754,CD45RO,2,938,-0.18657824540412576,-0.00016704740854470008,-5.600778631674933,2.1339110444404156e-08,4.408184207151936e-08
GENE_11105,CD56,0,3446,0.09413632400580287,0.0002042328505194237,5.596337289124962,2.1892759223275773e-08,4.5182484987465335e-08
CST3,IgM,0,3446,-0.09585598919332528,0.00035365532914950293,-5.592010446660128,2.2445531177465857e-08,4.6279225558105154e-08
GENE_01376,CD45RO,2,938,-0.18511869644940707,0.0010448731156926555,-5.58931063479511,2.2797282031250294e-08,4.69372585049165e-08
CD19,CD4,2,938,-0.188935943935628,-0.001684866849421978,-5.589229016722457,2.2807998710510878e-08,4.69372585049165e-08
GENE_15449,IgM,0,3446,-0.0968399972053119,0.00022377242943461556,-5.5863252818227656,2.3192465023327667e-08,4.768317998629132e-08
GENE_07427,CD45RO,2,938,-0.18251112400890593,-0.0005661148529072787,-5.582365593417664,2.3726895984667262e-08,4.873571905097058e-08
PPBP,CD14,0,3446,-0.09749534722438201,-0.00023968611732129547,-5.5754719119017375,2.468597376624126e-08,5.0657675332807585e-08
CD19,CD45RO,4,932,-0.18005597660834416,2.493994400294861e-05,-5.570413212669869,2.5413588367247796e-08,5.210146262235192e-08
GENE_12808,CD19,1,2427,-0.11405428060089412,-0.00037459177592675033,-5.564006464729358,2.6365017198619416e-08,5.400093787278665e-08
CD8A,CD56,4,932,0.17915937983578495,0.0005529888880182478,5.563084611504888,2.6504729708007412e-08,5.4235835011569465e-08
LYZ,CD38,2,938,0.18085127219239594,0.0010288262265225748,5.562202212676001,2.663913549060808e-08,5.445944019636576e-08
GENE_06812,CD19,4,932,-0.17432250135432673,0.0003486678910861365,-5.561915646846247,2.6682926906795123e-08,5.4497551938760635e-08
GENE_16261,TIGIT,1,2427,0.1115104950592539,-0.0005792280129762369,5.561143979219182,2.6801196527560193e-08,5.46875639126393e-08
GENE_16987,IgM,0,3446,-0.09597603725659339,0.000226498793581201,-5.559054156491544,2.7124053155668687e-08,5.528380268546893e-08
FCER1A,CD4,2,938,-0.17921536673087793,0.0009288322771223705,-5.558923110838121,2.7144423653594343e-08,5.528380268546893e-08
CD14,CD56,1,2427,0.11030983256760186,0.0007335479695459268,5.554772700714449,2.779732351099464e-08,5.656037563223041e-08
GENE_19000,CD56,0,3446,0.09467216544482765,0.0006157048431882031,5.5504074856603,2.850045031670565e-08,5.79366565068491e-08
LYZ,CD19,0,3446,-0.09491308434675003,-0.0002875839130998297,-5.537398483606082,3.0699752894020456e-08,6.234898268167041e-08
GZMA,TIGIT,4,932,0.1790502535322551,-0.0011209008161350955,5.536716509332538,3.081947926000626e-08,6.253353141988162e-08
GENE_14901,CD16,1,2427,0.11491342130899372,0.00013898919958347156,5.534152939674193,3.127360062734128e-08,6.339559640734195e-08
LYZ,TIGIT,2,938,-0.18405846355229344,0.0006072169648324956,-5.531522814248563,3.174625625741643e-08,6.429358627086113e-08
GENE_16711,TIGIT,1,2427,0.11047319267783046,-7.365113477457779e-05,5.530968800253863,3.184669715204091e-08,6.443678125907811e-08
GENE_08246,TIGIT,1,2427,0.10949726306638329,-0.0006721301181610224,5.530195725757811,3.198736835519327e-08,6.466103285979835e-08
GENE_03570,CD19,4,932,-0.1784051425131284,0.00014490742436535717,-5.523642536174855,3.320426809114185e-08,6.703756148255694e-08
MS4A1,CD38,1,2427,0.10945790930686959,0.0015662841669091478,5.5235334928137485,3.3224892031502605e-08,6.703756148255694e-08
CD14,CD45RO,1,2427,-0.11561760109783234,-0.001007848284471824,-5.522124312352962,3.349253815777361e-08,6.751472575618178e-08
GENE_01161,CD161,0,3446,0.09703113365005647,0.0001777461689162159,5.519094974320106,3.407500045820193e-08,6.862502415699219e-08
FCER1A,CD16,2,938,0.18450416872415384,1.6890087704677118e-05,5.513899918292672,3.509682283147162e-08,7.061281346788619e-08
LYZ,CD19,1,2427,-0.11315602248710079,-0.0003253412478649964,-5.513747801154168,3.5127186395192116e-08,7.061281346788619e-08
PPBP,CD161,0,3446,0.09564063885325301,-0.0002262979844888551,5.511010168296059,3.567801089811382e-08,7.165361410214332e-08
GENE_05636,TIGIT,1,2427,0.11005383637726426,-0.00037269118660506194,5.51069836567458,3.574127590183546e-08,7.171420822155318e-08
NKG7,CD4,1,2427,-0.11433059012985562,0.0003738986388212282,-5.507371223761644,3.642316667467308e-08,7.30148031304501e-08
GENE_13647,CD19,1,2427,-0.1141673256526182,-0.0003498097138080091,-5.5055563398727285,3.680042430015178e-08,7.370288304845555e-08
GENE_03621,CD45RO,2,938,-0.1849312852583013,-0.0003055776350824678,-5.504779756573289,3.6963006908963947e-08,7.396014401821318e-08
GENE_17563,CD45RO,2,938,-0.1818261389317291,-0.0009366604894011915,-5.503048647709701,3.732793653677517e-08,7.46214377077415e-08
GENE_05821,CD45RO,2,938,-0.182274586658704,-0.0003768834341658174,-5.5011097298428675,3.7740822479347674e-08,7.537729245414417e-08
GENE_16139,IgM,0,3446,-0.09626410096062392,0.00020005468962099035,-5.488827085005737,4.0461146754470816e-08,8.073600830288974e-08
CD3D,CD19,2,938,-0.1750216512310459,1.2816524368155009e-05,-5.477301751514603,4.318604170624957e-08,8.609397642819026e-08
CST3,CD3,1,2427,-0.11027187264590971,0.0006897071225171155,-5.476603605909812,4.335669639582551e-08,8.635474364867084e-08
GENE_14089,CD161,0,3446,0.09804743525971212,0.00015824306014169414,5.473488536341053,4.412614406512517e-08,8.780656950332989e-08
GENE_00483,CD19,1,2427,-0.11183179958016451,-5.864687891142431e-06,-5.467003518129607,4.577069722927988e-08,9.099550540903624e-08
GENE_16888,CD56,0,3446,0.09189308440439142,6.0839359096740595e-05,5.465999387922431,4.603059239242302e-08,9.142831687844242e-08
GENE_02136,CD16,1,2427,0.11075238520680994,-4.368365127248654e-05,5.4631715715984654,4.677021618219067e-08,9.281232460330329e-08
GENE_05259,TIGIT,1,2427,0.10874899473381623,-0.0005806321046371484,5.462374181620376,4.698084977254711e-08,9.314501505682487e-08
CD3G,TIGIT,1,2427,0.10871049822750292,-0.0005509381092556358,5.459827298743057,4.765979593691957e-08,9.440473290247231e-08
KLRB1,HLA-DR,4,932,-0.1828373552102352,0.0014064209023444214,-5.459128343755169,4.78477799827228e-08,9.46905381027948e-08
CD3E,CD19,2,938,-0.17479486863755667,-0.00010355036270893564,-5.453325823276295,4.943636701396755e-08,9.774507967086467e-08
CST3,CD161,0,3446,-0.09392648728628478,0.00017457651347681143,-5.4526189494561415,4.963335013757464e-08,9.80450954859838e-08
NKG7,CD19,1,2427,-0.11453480373692246,8.677874222000409e-05,-5.450606654069561,5.019828719023339e-08,9.907075440914003e-08
GENE_19032,IgM,0,3446,-0.09497298252453691,2.512116773479682e-05,-5.438815821568346,5.3635865417627045e-08,1.057587992356668e-07
GENE_09829,CD19,4,932,-0.17647882650528698,0.0006480197584593356,-5.438416690588118,5.3756134987484706e-08,1.0589958592534487e-07
CST3,CD14,3,171,0.4167866703087152,-0.0015958098904979884,5.4353418288843285,5.469148202048166e-08,1.0764436107028497e-07
GENE_00314,TIGIT,1,2427,0.10992376863503804,-0.0006320512907300019,5.433887527617628,5.513934359741675e-08,1.0842736622105454e-07
NKG7,CD161,2,938,0.17581516991957227,-0.00020399731389885255,5.423991138646467,5.828277244625001e-08,1.1450477596647667e-07
GENE_05607,IgM,0,3446,-0.0918858456393434,-0.0002148992308743781,-5.420135387258114,5.9553916956544075e-08,1.1689613953336143e-07
GENE_16888,CD161,0,3446,0.09322147875397564,-0.0003728658775270534,5.415481085391805,6.112413372369605e-08,1.1986968124818942e-07
GENE_01844,CD45RO,2,938,-0.18104790071911,-0.00022666388217068136,-5.414824858476345,6.134872574006143e-08,1.2020134600245308e-07
GENE_10222,CD16,2,938,0.180526337073355,0.0007653550818112932,5.413909751454325,6.166325419826123e-08,1.2070846598702083e-07
GENE_15802,CD45RO,2,938,-0.1799873366415966,0.00035342612471735884,-5.412190092990316,6.225854435492242e-08,1.2176377763277699e-07
GENE_13647,IgM,1,2427,-0.11271468404113101,-0.0007983310527678355,-5.407317982624162,6.397550381354251e-08,1.2500894207749918e-07
GENE_10844,CD161,0,3446,0.09640570710645556,0.0003761829458282196,5.405099160983143,6.477254868390792e-08,1.264523540522779e-07
GENE_19877,CD56,0,3446,0.09326073770126778,-6.910234136977703e-05,5.399628855032405,6.6778905318797e-08,1.3025192423567337e-07
GENE_17405,TIGIT,1,2427,0.10674954863182225,-0.0003186177863938826,5.398382334087468,6.724444718394386e-08,1.3104201173345893e-07
GENE_11354,CD161,0,3446,0.093214291322674,3.485817638039208e-05,5.397843394765146,6.74466985453788e-08,1.3131805547873842e-07
GENE_08439,CD45RO,2,938,-0.17674907695088743,-0.0006660623302296667,-5.391320589945372,6.994176672971463e-08,1.3605368806399605e-07
GENE_03881,CD45RO,2,938,-0.17765821310471122,-0.0007407272661719293,-5.387549653208157,7.142474706004339e-08,1.3881383576602155e-07
GENE_01420,CD19,4,932,-0.17109074646651626,-6.063624526178951e-05,-5.380735357056374,7.418218200492237e-08,1.4404371720848278e-07
LYZ,CD45RO,1,2427,-0.11508065058361251,-0.0011122688767471424,-5.377926246282099,7.534866873535287e-08,1.4617776647225573e-07
GENE_16139,CD161,0,3446,0.09415234329954983,0.00022700042889591248,5.376548471974587,7.592726518737515e-08,1.4716850059127185e-07
GENE_05651,TIGIT,1,2427,0.10803007428681764,-0.0002145898036669097,5.36617313811045,8.042474375140188e-08,1.557465770413654e-07
GENE_17801,TIGIT,1,2427,0.10765426496411148,-0.0003940352320218263,5.364673403304635,8.10958194518123e-08,1.5690592924292613e-07
GENE_02550,CD19,1,2427,-0.11104521714594318,-3.113604579808419e-05,-5.363345481094783,8.169453903641821e-08,1.579233417412295e-07
GENE_09438,IgM,0,3446,-0.09234984235534895,0.000254346630165036,-5.3605378700890425,8.297452997594087e-08,1.6025472946333676e-07
GENE_10288,CD45RO,2,938,-0.17844705003896083,-0.000564391995281511,-5.360306415822902,8.308091223144498e-08,1.6031730793013468e-07
GENE_12604,CD45RO,2,938,-0.1773463981531056,-0.0006475999785829366,-5.359207784262261,8.358767509152233e-08,1.611516832058086e-07
NCAM1,CD4,2,938,-0.18075301181779568,-0.00046015184277686794,-5.351287942669309,8.733043359489809e-08,1.6821782186679483e-07
GENE_03939,TIGIT,1,2427,0.10604388571154486,-0.00034957084926129573,5.34778501511285,8.903713434235243e-08,1.7135299300166758e-07
NKG7,IgM,1,2427,-0.10859960257380323,-0.0008959021284022454,-5.347062616991706,8.939309687229845e-08,1.7188539567193497e-07
PPBP,CD45RA,2,938,-0.17420643921184062,-0.0003539678365294413,-5.339838161134584,9.302959079645927e-08,1.7871908090064473e-07
GENE_01621,CD3,4,932,0.16931490645008207,-0.000584208498524205,5.3336176190724345,9.627515199114725e-08,1.847903050175519e-07
GENE_13579,TIGIT,1,2427,0.10500257674374247,-0.00011896339026589057,5.328714681183742,9.8910235846712e-08,1.8968007175205745e-07
NCAM1,HLA-DR,4,932,-0.181564506824361,0.0005178468258053398,-5.3283747093877745,9.909551946325732e-08,1.8986736576205007e-07
CD79A,CD38,1,2427,0.1039630113838837,0.0013801739253140601,5.326402188892417,1.0017718494335091e-07,1.917702824843122e-07
GENE_13647,TIGIT,1,2427,0.10587616817162318,-0.00028067815082517697,5.322788170488941,1.0218871863315108e-07,1.9544832592942488e-07
GENE_11179,TIGIT,1,2427,0.10386863071775838,-0.0005045134014507585,5.316684675108285,1.05674964224637e-07,2.0193796073614496e-07
GENE_05044,CD45RO,2,938,-0.176896178286621,0.00022171735757421787,-5.314318707482021,1.0705710492541101e-07,2.0439889548314155e-07
GENE_04161,CD56,0,3446,0.095038462127088,0.000135670525987957,5.312146743584802,1.083413041337319e-07,2.0666866730439878e-07
CD3D,CD45RO,3,171,0.40395947943754,-0.004472810542526268,5.31183625525869,1.0852609759452882e-07,2.0683909717444498e-07
GENE_00617,CD56,1,2427,0.10517920737454332,-0.00010645236886646659,5.311099675551632,1.0896570905871636e-07,2.0749445652920771e-07
GENE_14372,TIGIT,1,2427,0.10837875557852128,4.4990401466051e-05,5.310265125321794,1.0946587461112063e-07,2.0826387206523125e-07
GENE_10844,IgM,0,3446,-0.09342520577044734,0.0004371385847346141,-5.308223207623666,1.106990303601867e-07,2.104252620969514e-07
GENE_04161,CD161,0,3446,0.09401363811864723,-0.00014586619340803213,5.306817912659335,1.115555152635061e-07,2.1186748604383675e-07
GENE_01844,CD16,2,938,0.1733100840639688,0.0010334846847908903,5.3060627177609865,1.1201842926767152e-07,2.1256036446851504e-07
CLEC9A,IgM,0,3446,-0.0933070635799786,0.00023454680691349755,-5.305642046305658,1.1227709504502343e-07,2.1286479874240225e-07
CD79A,HLA-DR,1,2427,0.10746718451701057,-0.0006880386124556665,5.3025136632997185,1.1421891486397877e-07,2.1635698296349825e-07
GENE_09571,CD56,1,2427,0.10452043366287457,-0.00015217393125492812,5.301580445534992,1.1480443892781194e-07,2.1727617393586768e-07
NKG7,CD4,2,938,-0.1775810332426332,-6.545576365728192e-05,-5.29749210473408,1.1740397999857075e-07,2.2200211575645969e-07
GENE_00509,TIGIT,1,2427,0.10448593687871474,-0.0005286210078759474,5.29432219004215,1.194586575961183e-07,2.2569041936424443e-07
FCER1A,CD3,2,938,-0.1773199871945322,-0.0005882462842230612,-5.273529144845889,1.338249898959622e-07,2.526121542722562e-07
GENE_10890,CD16,2,938,0.1701361146904274,0.0002994916565247829,5.272268476900788,1.3474776635908364e-07,2.5413264551795845e-07
GENE_14901,CD56,1,2427,0.10551262365408194,-0.00020333908001271355,5.269679595992982,1.3666209836308705e-07,2.5751892795896493e-07
CD79A,CD45RO,1,2427,-0.109811605143068,-0.0003270043334357448,-5.268514834467502,1.3753192996536292e-07,2.5893283426146087e-07
GENE_10590,CD16,1,2427,0.10773498598931935,-0.0005347730672593449,5.263032605760774,1.4169843664260702e-07,2.6640099316928875e-07
GENE_07293,CD56,4,932,0.17044669464608916,0.0003178760043101495,5.262972863841066,1.417445062871204e-07,2.6640099316928875e-07
CD14,CD3,1,2427,-0.10763730773523679,0.000440646197248269,-5.2589548181489425,1.4487647729484403e-07,2.720514092703007e-07
GENE_02134,CD16,2,938,0.17416942435982058,0.0016692670207709196,5.252971519326555,1.4966468689783106e-07,2.8079946017974015e-07
NKG7,HLA-DR,1,2427,-0.1062509461660191,-7.75592713648465e-05,-5.243656324622418,1.574253095601973e-07,2.951043648935532e-07
GENE_17405,CD19,1,2427,-0.1097996314472141,-6.596542525621969e-05,-5.242355749860312,1.5853932523308412e-07,2.9693579756274265e-07
GENE_10989,CD56,4,932,0.17045834837025423,-0.000879994374339402,5.24184808556281,1.5897623366241664e-07,2.9749697611956553e-07
MS4A1,CD25,4,932,0.17389284916973355,0.00044920666426361813,5.237927957898146,1.6238942293983537e-07,3.036219840471296e-07
GENE_11527,TIGIT,1,2427,0.10362487551828899,-0.0005072441906545035,5.233649065517742,1.661958572415907e-07,3.1047105400217853e-07
GENE_02725,CD19,4,932,-0.16655899983680186,-0.00023175904422437034,-5.2281620490374126,1.712034257165739e-07,3.195502355967404e-07
GENE_00617,TIGIT,1,2427,0.10116355517137518,-0.0006769581961257564,5.225548659180188,1.7363944781995523e-07,3.238181440842022e-07
CD3E,CD16,5,86,-0.5523410589747495,0.0027007115029301057,-5.212777452063099,1.8603402700461024e-07,3.4663433922527116e-07
GENE_09573,TIGIT,1,2427,0.10209836180674496,-0.0002995419308089887,5.21186061852747,1.869559956200166e-07,3.480529574815945e-07
CD8B,CD25,2,938,-0.1691511010059627,-0.000957619704300402,-5.211157200325733,1.876663463149586e-07,3.490755128450775e-07
GENE_01891,IgM,0,3446,-0.08886301412036038,0.00030231869122584033,-5.210402124972016,1.8843176656600637e-07,3.501986605047477e-07
LYZ,IgM,0,3446,-0.08927529986852584,0.00017760873953867165,-5.209953663764224,1.888877993781951e-07,3.5074538239292955e-07
GENE_04125,IgM,0,3446,-0.09124317910596672,0.0004205994931711428,-5.205723878616488,1.9324181061575452e-07,3.5852311952426373e-07
CD14,CD45RA,4,932,0.16933981363051628,-0.0002572362197780488,5.205205553482481,1.93781984318519e-07,3.5921775878377306e-07
GENE_09571,CD16,1,2427,0.10661216555553962,0.00011822005682162278,5.19298418891192,2.0694976610637223e-07,3.8329926765171677e-07
CLEC9A,CD16,1,2427,0.10753085687343664,0.00012643367823714796,5.187300834307499,2.1336391378610137e-07,3.948416747860646e-07
GENE_00617,CD19,1,2427,-0.10605638965818293,-0.00018259133514097206,-5.181960245841774,2.1956601964839839e-07,4.059723247253236e-07
NCAM1,HLA-DR,1,2427,-0.10156935687606451,6.200560163621376e-05,-5.175889609516118,2.2682754987548873e-07,4.1904117696520384e-07
LYZ,PD-1,0,3446,-0.08696530968785714,-0.0003584573933799806,-5.165673126527063,2.395751566533295e-07,4.418869979734257e-07
GENE_18631,CD56,4,932,0.16413954053864177,-0.0006527577534515314,5.165652284593201,2.3960185630769505e-07,4.418869979734257e-07
GENE_13941,CD3,4,932,0.1693119287577401,2.8685680073964205e-05,5.163127520097621,2.4285757250424663e-07,4.4751050987814834e-07
GENE_12577,TIGIT,1,2427,0.10192812086445628,-0.0002945901935649326,5.161409556980712,2.450972983816452e-07,4.5125390449704766e-07
KLRB1,CD161,2,938,0.16867911983260028,-0.0004328136780346339,5.160539096202536,2.4623973051179757e-07,4.529724074864731e-07
CD19,CD25,4,932,0.17385167073176655,0.0015545283237506377,5.15891278137809,2.483879787963861e-07,4.56536683674104e-07
CD14,CD14,3,171,0.3969283475209543,-0.001850298512786541,5.158240756930075,2.492809526189934e-07,4.577896816316599e-07
GENE_19667,CD3,4,932,0.1646348799661728,-0.0015592016580805582,5.15756952281388,2.5017597162386854e-07,4.5904431033778417e-07
KLRB1,CD8a,2,938,0.16759879365621874,-0.0013768901381503327,5.143855156973305,2.691570830471571e-07,4.934546522531213e-07
GENE_09573,CD56,1,2427,0.10153210216127312,0.0004197526971803593,5.142320678347526,2.7136541112600314e-07,4.970827099831351e-07
GENE_07952,CD16,1,2427,0.10730189402176525,0.000525610828280155,5.1271840529187225,2.9410796409163383e-07,5.382871268467657e-07
GENE_09529,CD19,4,932,-0.16143823202481014,0.0002794713905104329,-5.123001533104218,3.0070990342833944e-07,5.499057896449043e-07
CD8B,HLA-DR,4,932,-0.17201636653918864,0.0007923352801974015,-5.113225616514754,3.167036549828145e-07,5.786651099053617e-07
GENE_11451,CD3,4,932,0.1643123542468824,-0.0008493473144804109,5.113023254534667,3.170432509489182e-07,5.787975777643687e-07
GENE_17046,CD161,0,3446,0.0909267569520138,0.0002479626291565939,5.112852403120145,3.1733024080573016e-07,5.788338651734153e-07
GENE_00658,CD16,2,938,0.1729554250329849,0.0012265831103049872,5.112540295656994,3.178551550413457e-07,5.793037182292651e-07
FCER1A,TIGIT,1,2427,0.09985640104287732,-0.00020698468353470183,5.109235608838152,3.234647836474046e-07,5.89032089213383e-07
NCAM1,CD19,1,2427,-0.10652256653788446,-1.7126297120572556e-05,-5.107881208601956,3.257913542574439e-07,5.92770667234157e-07
CST3,CD45RA,4,932,0.16593667393842165,-0.0005176842098690163,5.101010543659556,3.378447391716943e-07,6.141858639136422e-07
CD3E,CD161,2,938,-0.16908562164367927,-0.0014266520714177149,-5.097966813119523,3.433209881925613e-07,6.236182576808721e-07
GENE_00617,CD16,1,2427,0.10545436069833884,0.000151443693627595,5.096048498061164,3.468163145224897e-07,6.294396596065621e-07
CST3,TIGIT,2,938,-0.17016656006230393,0.0006686138151047497,-5.095623360086836,3.4759558737697804e-07,6.303260567748213e-07
GENE_02415,CD19,4,932,-0.16079312773927248,0.0005137911183334434,-5.089530645379156,3.5895084943689745e-07,6.503733200081578e-07
GENE_16711,CD3,1,2427,0.10388581996575937,0.0007377145620185664,5.085508205213235,3.6664297963495666e-07,6.636856530654995e-07
NKG7,HLA-DR,4,932,-0.16799151295482775,0.0007480224839431285,-5.085369695565094,3.6691066560796883e-07,6.636856530654995e-07
GENE_01376,CD16,2,938,0.17149265858902385,0.0002603418932550069,5.078131174220699,3.811655072048861e-07,6.888954579758034e-07
CD3D,CD16,5,86,-0.5364429115748856,0.0037284334622022207,-5.076429109567768,3.8459419421698056e-07,6.945130157234974e-07
GENE_02550,TIGIT,1,2427,0.10076050861635348,0.00011021779888341586,5.070644889594156,3.964699425728719e-07,7.153625025440577e-07
CD3G,IgM,2,938,-0.16666613973777392,0.0009346148217226556,-5.060527429686759,4.180983032098524e-07,7.537595865688437e-07
GENE_01610,CD3,4,932,0.16499577813577707,0.0001727703845799231,5.058761715928098,4.2198778449849556e-07,7.601392593584704e-07
CD14,CD38,0,3446,0.08815996153572632,-8.712939226093847e-05,5.058407143389836,4.2277302815848086e-07,7.609212226074984e-07
GENE_12808,TIGIT,1,2427,0.10152263875435417,-0.0006093096497149107,5.056589794393437,4.268199479646439e-07,7.675674914849654e-07
GENE_02017,CD161,0,3446,0.08764084406957375,1.1751150272143882e-05,5.055577203740962,4.29090997623235e-07,7.71011767702778e-07
GENE_07686,CD16,2,938,0.16981801374677583,0.0011343939824552019,5.049744848114111,4.42400566242856e-07,7.942684565437191e-07
GENE_02550,CD16,1,2427,0.10549504567468031,-5.101364882541568e-05,5.046604189702031,4.497316894953936e-07,8.067620621991043e-07
GENE_12873,CD56,4,932,0.1613355612679124,-0.0013139440459932347,5.045758373579017,4.517259910264293e-07,8.096693321375287e-07
GENE_10288,CD16,2,938,0.1669087707209399,0.0010551328921430516,5.044442273535845,4.548461226357799e-07,8.145880559931694e-07
GENE_16867,CD3,1,2427,0.10229386802358958,0.00021267128274530622,5.039878160795487,4.658283108793996e-07,8.335672581962502e-07
GZMA,CD56,4,932,0.16586165314422244,-0.0001981424153601045,5.0306213518045615,4.888928304774851e-07,8.741177917860646e-07
LYZ,CD45RA,4,932,0.16399918090552848,-0.00011040243838520225,5.030097769542839,4.902297922490993e-07,8.757856222619935e-07
GENE_19877,IgM,0,3446,-0.08712403412597965,0.00022775739847909692,-5.027964924214728,4.957125191599795e-07,8.848509299997327e-07
GENE_09684,CD16,1,2427,0.10408987137806794,0.00034275921506552793,5.026584985607468,4.992912685457483e-07,8.905054970688367e-07
GENE_04573,CD4,2,938,-0.1649431490324571,-3.390964141723856e-05,-5.026064431794912,5.006477408429284e-07,8.921905052686067e-07
NCAM1,IgM,1,2427,-0.10437796852010896,-0.0005406862683770718,-5.025750700806637,5.014669846807185e-07,8.929161510296771e-07
KLRB1,CD4,2,938,-0.17088109165340454,-0.0001367340871056373,-5.01756054182557,5.233171308062365e-07,9.305110417768648e-07
MS4A1,CD45RO,1,2427,-0.10426464427134076,0.00019921561241192524,-5.017515683012223,5.234392985353014e-07,9.305110417768648e-07
CD3E,TIGIT,1,2427,0.09953082883357924,-0.001087861948369639,5.013055494495796,5.357243781968502e-07,9.515694488135855e-07
CD8A,HLA-DR,4,932,-0.1699291738816432,0.0010254863703038958,-5.004127041009058,5.611574193383055e-07,9.95928032519335e-07
KLRB1,CD3,0,3446,0.0843667049117781,3.186671077771779e-05,5.0033028328951,5.63563035533774e-07,9.993789672681572e-07
GENE_12577,HLA-DR,1,2427,-0.09965054469962241,-0.00017102493681560223,-5.0020266368091315,5.673074956922646e-07,1.0051965193500716e-06
CD14,IgM,0,3446,-0.0844680423376009,0.0004364926023411356,-5.001740859004512,5.681492712121304e-07,1.0058655806508877e-06
GENE_17801,HLA-DR,1,2427,-0.10297691851501942,5.5013944555640636e-05,-4.998467176880694,5.7787840834134e-07,1.0222551109189257e-06
CD8A,CD16,2,938,0.16306872590211577,0.0018004948547679872,4.997296167484977,5.813974055990357e-07,1.0276412544315746e-06
GENE_02136,TIGIT,1,2427,0.09956692302493028,-0.0004963278954603626,4.996455750145032,5.839356649711677e-07,1.0312865411511983e-06
PF4,CD3,2,938,-0.1697010082280423,-0.0018533477036400616,-4.990882171817182,6.010415510325178e-07,1.0606327696152003e-06
CD19,CD45RA,1,2427,-0.10360781145846822,0.0002281847923204278,-4.985065639509276,6.194078110521929e-07,1.0921535610659903e-06
GENE_14089,CD56,0,3446,0.0855711188429366,0.0002680254699355479,4.983502180239636,6.244360983739741e-07,1.1001244107125219e-06
GENE_12577,CD3,1,2427,0.10133881154316197,0.0004587130435285361,4.971679192416787,6.637547466784034e-07,1.1684456019919578e-06
CD8B,CD38,2,938,-0.15722545401449378,0.0019421454874502585,-4.971111289117498,6.657022147061518e-07,1.1709226455099276e-06
CST3,IgM,1,2427,-0.09948129152277062,-0.0002613313600932334,-4.967831610787594,6.770571437502024e-07,1.1899293029251328e-06
GZMA,CD8a,5,86,0.5439652882808037,-0.0006309333005075039,4.966830755957841,6.805593219418054e-07,1.1951151139772222e-06
GENE_05651,CD16,1,2427,0.1013326728868923,0.0002094460471977767,4.9643406119138325,6.893487116853284e-07,1.2095697637425965e-06
PF4,CD4,2,938,-0.16040054880418975,-0.00020250765013331463,-4.962579897353404,6.956293595331498e-07,1.2186320079931512e-06
GENE_04293,CD3,4,932,0.16139462351407938,0.00010018416658879165,4.962577453726927,6.956381143920295e-07,1.2186320079931512e-06
CLEC9A,CD14,0,3446,-0.08630621707707492,-0.00038264320518636145,-4.960989938505331,7.013482513109153e-07,1.227642698377022e-06
GZMA,CD45RO,0,3446,0.08189996142227414,-0.0008288971533941592,4.959282543314159,7.075399856856015e-07,1.2368034570091548e-06
CD79A,CD25,4,932,0.16506267730173652,0.0006658024458132783,4.959232226611965,7.077232518188058e-07,1.2368034570091548e-06
GENE_07285,CD161,0,3446,0.08720609687409736,0.00026827397397444485,4.957023252747987,7.158141257502376e-07,1.2499348996782957e-06
CD8B,CD8a,3,171,0.38848005434701843,0.0007833584822727741,4.95629698798643,7.184936501167204e-07,1.253603655235856e-06
GENE_01361,CD16,2,938,0.16744648091948386,0.0013308168210160619,4.9538485638061065,7.275984033189991e-07,1.2684680128658657e-06
CLEC9A,CD56,4,932,0.16135891684787546,-0.0006918376218234927,4.952259962406505,7.335651534913466e-07,1.2778421926171607e-06
GENE_18160,CD45RO,2,938,-0.1625352390936116,-8.190289266921162e-05,-4.9503279625709755,7.408852430429963e-07,1.2895568848788536e-06
CD19,CD56,2,938,0.16169773649015423,-0.00048613863413633475,4.946062823861586,7.57295275523712e-07,1.317061687046456e-06
PF4,CD56,1,2427,0.09729531286931613,0.00016461556137442124,4.94463318353051,7.628737238498947e-07,1.32569956662608e-06
GENE_09829,CD3,4,932,0.15760252555492668,-0.0011466011097314552,4.940885616023363,7.776852347086648e-07,1.3503556919981382e-06
GENE_00944,CD56,4,932,0.15691715894640412,-0.0008265947673216781,4.937565832969273,7.910370720740636e-07,1.3724398200035997e-06
GENE_07427,CD16,2,938,0.16168529350585167,0.00048707021747148,4.935990823614507,7.974485685385735e-07,1.3824568384184711e-06
CD14,TIGIT,2,938,-0.16241038694555343,0.0013960609005202978,-4.935768776847302,7.983564851846553e-07,1.3829244631456018e-06
CD3D,CD38,1,2427,-0.09886681906626099,-0.0009145955102912781,-4.933095946359885,8.093637204542683e-07,1.4008715512974435e-06
GENE_02320,CD161,0,3446,0.08520158324710995,7.567178380931947e-05,4.930289582908493,8.210781291408742e-07,1.4200130134463483e-06
GENE_13035,CD161,0,3446,0.08804512470246396,-0.00021926315842001908,4.923935831067792,8.482066071127141e-07,1.4648324744641457e-06
GENE_14901,TIGIT,1,2427,0.09849560432371551,-0.0004831206110110529,4.923903801283858,8.483455262817273e-07,1.4648324744641457e-06
LYZ,IgM,1,2427,-0.09796673728527891,-0.00020466915494189448,-4.923661119599051,8.493987943432007e-07,1.4654834294121943e-06
GENE_09573,CD16,1,2427,0.10227301664027115,0.0007243401383034418,4.919552219920539,8.674242454537458e-07,1.4953924740638563e-06
GENE_05651,HLA-DR,1,2427,-0.09991887536755098,0.000455173170145832,-4.917887396560511,8.748320835036708e-07,1.5069643282610927e-06
PF4,CD19,2,938,0.1657615865818192,0.0009434281185104372,4.914002856884376,8.92354482685215e-07,1.535927056377173e-06
MS4A1,CD45RA,1,2427,-0.10070666648131753,-0.00015593215046774808,-4.912724074568031,8.981963986471266e-07,1.5447552348161296e-06
CD3G,CD45RO,3,171,0.37872039443416977,-0.0059542779325235376,4.910976644878203,9.062388274630658e-07,1.5573509429916446e-06
NKG7,CD3,2,938,-0.16675859480632843,-0.0010363667992911733,-4.907247718559765,9.236334606995121e-07,1.5859855066052636e-06
GENE_03939,CD56,1,2427,0.09898535405792985,0.00013278362487826153,4.89840722823068,9.661663630694114e-07,1.6577058660106213e-06
CST3,CD16,3,171,0.37313354783306696,0.0005468241690618238,4.898182941194597,9.67269594181425e-07,1.6582857678727436e-06
CD3E,CD56,5,86,-0.5191360537381063,0.00045597200001429615,-4.889489315629138,1.0109790960699132e-06,1.731851147180634e-06
CLEC9A,CD14,2,938,0.15553074882379692,0.0003441496015125804,4.887144360978685,1.0230907697947673e-06,1.7512146114891474e-06
GENE_05558,CD4,2,938,-0.16314990833323814,-0.0010424694552499205,-4.8854188904050995,1.0320918787759474e-06,1.7652273885615455e-06
CD14,IgM,1,2427,-0.0962571568043576,-0.00023879640377926525,-4.884244614181387,1.0382611571428374e-06,1.7743784917417418e-06
GENE_08530,CD3,4,932,0.15841646647068888,-7.302790733711418e-05,4.878179658263156,1.0706938030246023e-06,1.8283636494517835e-06
CD8B,CD16,2,938,0.1582146195334368,0.0018804795017848131,4.8676823817603,1.129146107596845e-06,1.9266611143010735e-06
GENE_00314,CD3,1,2427,0.098925113382492,-8.295185695781077e-05,4.8653266597182645,1.1426792085258985e-06,1.9482186033639824e-06
GENE_17801,CD3,1,2427,0.10041053521455835,0.0005452761707385265,4.860488953626119,1.1709617804665038e-06,1.9948696370054354e-06
GENE_00944,CD3,4,932,0.1574811961338966,-0.00013006233338013696,4.85939682250518,1.1774392429138831e-06,2.0043290175918183e-06
CLEC9A,TIGIT,1,2427,0.09649092025687205,0.00011063599649878396,4.857849608054342,1.1866748640638486e-06,2.0184650160332494e-06
CD14,CD16,3,171,0.37464283977910706,0.00018836331478990447,4.854728973411101,1.2055150459564793e-06,2.0489028271276006e-06
GENE_03939,HLA-DR,1,2427,-0.09710795808961435,0.00047217359386077625,-4.851069870653535,1.2279727418001194e-06,2.0854364666777893e-06
KLRB1,IgM,1,2427,-0.10118648590321595,8.460699653736425e-05,-4.848858855790992,1.2417373166879159e-06,2.1071611317640674e-06
GENE_01061,TIGIT,1,2427,0.0959208762684932,-0.000342799867476681,4.836433452441822,1.3218950030867387e-06,2.2414291640758706e-06
PPBP,CD4,2,938,-0.15939512320011137,-0.0002409701075707044,-4.831575690707364,1.3545670174747162e-06,2.29503262460337e-06
GENE_11527,CD3,1,2427,0.09673962709193544,0.0007027604232593365,4.82796456269995,1.3793563095532655e-06,2.3352071271890046e-06
GENE_11451,CD56,4,932,0.15244573583553897,0.0003531602683916517,4.827276239758819,1.3841306847498191e-06,2.3414607290030117e-06
GENE_00723,CD56,4,932,0.157683515920958,-0.0008690448472227761,4.819209052923684,1.44128469674672e-06,2.436243321255961e-06
CD3D,IgM,2,938,-0.16070032584306032,0.0008267264394008596,-4.817658826514885,1.4525245928928031e-06,2.4533287551042123e-06
GENE_06523,CD16,2,938,0.16648519180440197,0.001514703273212773,4.809100088239239,1.5161128456184741e-06,2.5587356202922376e-06
GENE_08030,CD3,4,932,0.15399510617985415,-0.0006925435909877164,4.807333507743904,1.52956707417901e-06,2.57943334610577e-06
GENE_05651,CD56,1,2427,0.09535083442775344,-0.00016086497964816764,4.804364385848626,1.5524388012694083e-06,2.6159680267113593e-06
NCAM1,CD8a,2,938,0.15632282863073574,-0.000762315063384307,4.803051572436327,1.5626561598296391e-06,2.6311390041575974e-06
GENE_10754,CD16,2,938,0.15990010938538415,0.0008117669595972758,4.7998620743757225,1.5877493950446105e-06,2.6713143936814217e-06
GENE_19860,CD45RO,2,938,-0.160462798278149,-0.00035507967980640996,-4.799573068772444,1.5900421765141174e-06,2.673096506211088e-06
GENE_05636,CD16,1,2427,0.09984994674260457,0.00011573060582099021,4.7979974511193895,1.6025981792198764e-06,2.6921164762554047e-06
GENE_06387,CD3,4,932,0.156044595992707,-0.0006664760445560306,4.795913832023724,1.6193488416396165e-06,2.7181479007227334e-06
GENE_01891,CD161,0,3446,0.08342615435814624,0.00030685155312691067,4.793036171920955,1.6427599123789416e-06,2.7553101626355774e-06
GENE_19032,CD161,0,3446,0.08527229296599433,0.0003451155579090828,4.792080647260677,1.650605233193789e-06,2.7663275640610526e-06
GENE_00877,CD3,4,932,0.15281217945161918,-0.0010198792989004224,4.791486735110858,1.6554996747749828e-06,2.7723862405234837e-06
GENE_09571,TIGIT,1,2427,0.09446823735977686,-0.00037202915303220264,4.790482176526227,1.663810029763719e-06,2.784151609650949e-06
PPBP,CD3,2,938,-0.16485477176856192,-0.0020162313738851636,-4.787825070361883,1.6859850638716193e-06,2.8190815072606475e-06
GENE_11395,CD3,4,932,0.15430276362988488,-3.7184510928893827e-05,4.7859801031590585,1.70154914280971e-06,2.84291209905061e-06
GENE_13579,CD56,1,2427,0.09367438457105867,0.0001739087077252647,4.780245608673775,1.7508117090494384e-06,2.9229653108706723e-06
CD8B,TIGIT,4,932,0.15716645937472334,-0.0012899116836435636,4.777673225328149,1.7733526107624924e-06,2.958318019647668e-06
CD8B,CD38,4,932,-0.15762230312487227,-0.0004638073535209098,-4.7749344868939145,1.7976576607817946e-06,2.99655703916473e-06
GENE_00509,CD16,1,2427,0.0991697201164085,6.041320403313403e-05,4.771559335582815,1.8280510967643263e-06,3.0448783448795506e-06
GENE_18631,CD3,4,932,0.15117675000944078,-0.0006012973605102085,4.770374169573425,1.8388402517211476e-06,3.060496793763231e-06
GENE_15775,CD16,2,938,0.15940459712100413,0.00035558169245369475,4.766168069869771,1.8776265200317583e-06,3.1226528541126783e-06
GENE_01202,CD16,2,938,0.15620134085803217,0.0006425814876869262,4.757771404822398,1.9574198248423328e-06,3.2528594788599197e-06
GENE_01041,CD3,4,932,0.15014495833359548,-0.00031133560169681844,4.756732080078545,1.967520167258937e-06,3.267138852452196e-06
GENE_18936,CD16,2,938,0.1577836978076042,0.0005834867097122736,4.756346238555603,1.971282572317885e-06,3.2708800415106103e-06
CD8A,CD38,2,938,-0.15425556622990233,0.0015850342510349996,-4.75021307575141,2.032024237342022e-06,3.369086857169213e-06
GENE_14594,CD56,4,932,0.15266448207574798,-0.00027702797310078404,4.747792317011998,2.0564904277830424e-06,3.407044921258297e-06
CLEC9A,CD56,1,2427,0.09525783345626257,-0.000197678723588582,4.743852465297972,2.0969159420916653e-06,3.4713650469920843e-06
GENE_02550,CD56,1,2427,0.09428811869365075,5.193210346209448e-05,4.739163121043416,2.1460269678360706e-06,3.5499545338173775e-06
GENE_05259,CD3,1,2427,0.09656722883818375,0.0001751054042454154,4.736770229759711,2.171511268205809e-06,3.5893706469885496e-06
GENE_16711,CD38,1,2427,-0.0957769325328234,0.0010014988792172853,-4.730701366444628,2.2374546208650242e-06,3.692744418080694e-06
GENE_00800,CD4,2,938,-0.15336406682056777,-0.00062609540315498,-4.730700978874842,2.2374588929118375e-06,3.692744418080694e-06
LYZ,CD161,0,3446,-0.08057916513680437,0.00027412047817167764,-4.72442474310725,2.3076765176978347e-06,3.805734409323598e-06
GENE_13579,CD38,1,2427,-0.0909775815319191,0.0014691367442675586,-4.723764672484727,2.3151830659682537e-06,3.8137003847415817e-06
FCER1A,CD3,4,932,0.15306113208199093,-0.0005692899805415651,4.723690624186296,2.316026629589258e-06,3.8137003847415817e-06
CD8A,CD25,2,938,-0.15666129624838807,-0.001790123152491962,-4.720125412472592,2.3569927853357673e-06,3.878210604269254e-06
GENE_00314,CD56,1,2427,0.09361076452988343,0.0001031361935926668,4.717688955890919,2.3853881729102084e-06,3.921954605991215e-06
GENE_00877,CD56,4,932,0.15341703261375506,-0.00034511781883133887,4.717403657446187,2.388734549774487e-06,3.924478976013126e-06
GENE_19860,CD16,2,938,0.15562341316298053,0.0012933918930311474,4.7129372002461976,2.441714645437704e-06,4.008481542926898e-06
GENE_05636,CD19,1,2427,-0.09878778075941354,3.0111511459244775e-05,-4.71000200142514,2.4771435892339785e-06,4.063565600204414e-06
GENE_05821,CD16,2,938,0.15809243461065994,0.00048365951870064526,4.707341905157858,2.5096777936179085e-06,4.113821315257192e-06
CD3G,CD16,5,86,-0.49484565861049523,0.004021428923114885,-4.695657885254826,2.6575000676723518e-06,4.3528364676084554e-06
CD19,CD38,1,2427,0.093087228335494,0.0017919594374959339,4.692212666054498,2.702659670860126e-06,4.42346186310717e-06
GENE_09438,CD38,0,3446,-0.07824899110122362,0.00010561005668252367,-4.685379084269368,2.794422344717798e-06,4.570198657361108e-06
GENE_01061,HLA-DR,1,2427,-0.09322176412659101,0.00010064023670883202,-4.684432861526701,2.807361664480013e-06,4.58789798410874e-06
CD3D,CD3,5,86,0.4999528283885484,-0.004442514288435185,4.681125135574994,2.8530471251984465e-06,4.659045305429566e-06
GENE_00483,TIGIT,1,2427,0.09098778171363234,-0.00039994815201644204,4.667496272433263,3.048922793767021e-06,4.975162420250855e-06
GZMA,CD3,2,938,0.14802423741951137,-0.002327479149752791,4.665157230520349,3.083811482513391e-06,5.024958642786162e-06
GENE_14372,CD3,1,2427,0.09798941628674122,0.0003492500185326228,4.665007551959187,3.0860570475054073e-06,5.024958642786162e-06
GENE_03621,CD4,2,938,-0.1583596268723798,-0.00021105486092870218,-4.664984973578517,3.0863959176503838e-06,5.024958642786162e-06
GENE_18936,CD4,2,938,-0.1507800137899592,-0.0001821871679160519,-4.6603189797445435,3.1571972022154765e-06,5.136371124024729e-06
GENE_00723,CD3,4,932,0.1493949445809045,-0.00043157258956719456,4.657973424153953,3.193374239417195e-06,5.191329314941532e-06
GENE_14594,CD3,4,932,0.14821326923794545,-0.0014262968138763561,4.654983199414372,3.2400712582064175e-06,5.263294165317321e-06
GENE_00314,HLA-DR,1,2427,-0.09417880960272737,0.0005425894032028825,-4.652627589774455,3.277318251348394e-06,5.3198117233497905e-06
GENE_12119,CD3,4,932,0.1475687649190601,-0.0010298933118139657,4.649758125719557,3.32324529161174e-06,5.3903237626666474e-06
NKG7,CD14,4,932,-0.15425622538193876,0.0013810045565445979,-4.648290641607692,3.346970939230064e-06,5.424746466201607e-06
CD8A,CD8a,3,171,0.3629996982426792,0.003241493362441361,4.6461375391087305,3.382075589489029e-06,5.4775469375356695e-06
CD14,PD-1,0,3446,-0.08071071468637646,1.9624154155782974e-05,-4.640378764304862,3.4777115808306787e-06,5.628230765989605e-06
GENE_05636,CD56,1,2427,0.0927415545521638,0.0002979215325076031,4.639494981691932,3.4926161619171307e-06,5.648133748413748e-06
GENE_17563,CD16,2,938,0.1548948522911753,0.0011517463780823165,4.637102429843448,3.5332734119028456e-06,5.709622284558886e-06
CLEC9A,CD3,2,938,-0.15256996112999674,-0.00134745754810146,-4.635785389509255,3.555847476678793e-06,5.741819286112477e-06
GENE_10754,CD4,2,938,-0.15041852409269138,-0.0008502171853235524,-4.635465102459965,3.5613580624387982e-06,5.746435533361784e-06
CD8A,CD3,2,938,0.1462906561121545,-0.0024146249546532304,4.630696902730928,3.6443702655680553e-06,5.876004736224684e-06
CD14,CD161,0,3446,-0.08064704515947962,-0.00012022147366399586,-4.629986809480207,3.6568902710562913e-06,5.8918075965643e-06
CD8B,CD8a,5,86,0.5119136498336994,0.0011842296780015897,4.627731681226004,3.6969255654068503e-06,5.951885364217418e-06
GENE_08494,CD56,4,932,0.152885407167193,-0.0010359526355178457,4.626331604239966,3.7219921880488252e-06,5.987792926133484e-06
GENE_09573,CD3,1,2427,0.09238227688709166,-7.437666140147061e-05,4.623177622284785,3.7790586054332396e-06,6.075089019268419e-06
NCAM1,CD3,2,938,-0.15495490897770045,-0.0008097220743068552,-4.620177566607547,3.834117630599592e-06,6.159031064128477e-06
GENE_19667,CD4,4,932,0.14989160099997034,0.0003120752192209527,4.619692302124056,3.84309546590673e-06,6.16887990712584e-06
FCER1A,CD14,2,938,0.1472762690708649,3.5669842031245055e-07,4.619385379652838,3.848784210750067e-06,6.173438478679049e-06
GENE_00509,CD3,1,2427,0.09667516816249304,0.00026706831784382144,4.617750452224368,3.879223527584802e-06,6.217660787186587e-06
GENE_10590,TIGIT,1,2427,0.09140547840177247,-0.00045494356471199046,4.615193738332944,3.927287853264609e-06,6.290046399131123e-06
NCAM1,CD14,4,932,-0.1540551727731737,0.001437476463742485,-4.611255211460551,4.002447843854594e-06,6.405690160733311e-06
PF4,CD45RA,2,938,-0.15143304928953094,-0.0005678315337247499,-4.609252033318196,4.041202013389679e-06,6.462940784513236e-06
GZMA,CD25,2,938,-0.15307980658746004,-0.002048019435563065,-4.608145450433697,4.06276428226568e-06,6.492632890611894e-06
GENE_17801,CD38,1,2427,-0.09234298039515829,0.000729557939082796,-4.607494961524477,4.075490764095163e-06,6.508171323356092e-06
GENE_17801,CD16,1,2427,0.09394682182875667,-0.00031504435386116644,4.601764759645765,4.189261977339145e-06,6.684926881365189e-06
GENE_04826,CD3,4,932,0.14482749842375242,-0.00010958141285952349,4.58494971879847,4.540957000428387e-06,7.240804871176096e-06
GENE_09529,CD3,4,932,0.14698345333943705,-0.0006187892311441502,4.581941719209907,4.6067829866757896e-06,7.3403667147988506e-06
GENE_17405,CD16,1,2427,0.09526359826246089,0.0005111289087447508,4.581585712800349,4.614633927637403e-06,7.347011429595446e-06
GENE_13013,CD3,4,932,0.15228420738808768,0.0003849352241311481,4.581445297838362,4.617733994974157e-06,7.347011429595446e-06
GENE_09684,CD56,1,2427,0.0905740688439598,-4.0134009787035744e-05,4.577520845383732,4.7051891597470285e-06,7.480663909883941e-06
CD8A,TIGIT,4,932,0.14639250096861595,-0.0021053084291460956,4.5735282691578,4.795789380750938e-06,7.619117000063989e-06
GENE_09573,HLA-DR,1,2427,-0.09150494349150051,0.00020705243886677183,-4.5651700260345,4.990896649784574e-06,7.923276952441885e-06
GENE_11179,CD16,1,2427,0.0944650717267314,0.000216797088183512,4.56412887965223,5.015726093220505e-06,7.956865625189485e-06
GENE_10989,CD3,4,932,0.15005668644572273,-0.0002384490889475369,4.5637488253584335,5.024819132822043e-06,7.965459444641819e-06
PF4,CD16,1,2427,0.09433371960222273,0.0006128508846309164,4.560698981995583,5.098362380994109e-06,8.076133976326195e-06
CD3G,CD161,2,938,-0.15146568350499073,-0.0013743857316589484,-4.558827804335885,5.143992544991928e-06,8.14246299853726e-06
GENE_10670,HLA-DR,1,2427,-0.09098176643479129,-0.0002134352820150565,-4.5506250021662975,5.348679974693822e-06,8.46028431033687e-06
GENE_16711,CD16,1,2427,0.09280288617504504,5.250866420690217e-05,4.54409320647065,5.5172242829787255e-06,8.72051423866878e-06
GZMA,CD8a,3,171,0.3522675781141076,0.002775630104239398,4.543370133375207,5.536191762857919e-06,8.744116290169905e-06
GENE_07154,CD38,0,3446,-0.07635174875212171,-0.0002379688628377838,-4.542379949682436,5.562267320357831e-06,8.77890260977088e-06
GENE_03939,CD16,1,2427,0.09524128734522334,-0.00037901981966580346,4.541980495471504,5.572819818391839e-06,8.789156147347246e-06
GZMA,CD16,2,938,0.1517113774619916,0.002079777042581516,4.540755819719626,5.605292013138341e-06,8.833940212706026e-06
CD3D,CD161,2,938,-0.14937540911672614,-0.0015183057861962205,-4.534985758156947,5.76073724851904e-06,9.072323849956946e-06
GENE_10890,CD45RA,2,938,-0.14765799609738123,-0.0005669247758732556,-4.534047091766442,5.786411925502939e-06,9.106139900192351e-06
CD3E,CD25,4,932,0.14775582678376062,-0.00027921450751469424,4.53096478911535,5.8714925068608575e-06,9.23332675062952e-06
GENE_05259,CD16,1,2427,0.09420925324099669,0.00037678895285980335,4.52938452816709,5.915575321169477e-06,9.295904076123464e-06
LYZ,CD16,3,171,0.35043406546517075,-0.000927880047834463,4.506069202821399,6.603955767983865e-06,1.0370124745812346e-05
GENE_17934,CD56,4,932,0.14758381643684437,-0.0005547262514108921,4.502755817828584,6.707793802092368e-06,1.0525553344774918e-05
GENE_16139,CD38,0,3446,-0.07795853076614308,-0.0001864513382440931,-4.502389408962312,6.719372115280244e-06,1.0536092166289644e-05
GENE_16867,TIGIT,1,2427,0.08994506832213164,3.983913189876786e-06,4.496518069782303,6.9075311659030445e-06,1.0823297206443888e-05
GENE_15802,CD16,2,938,0.1500050327334889,-0.00013646852539780802,4.49539768366055,6.944004264826999e-06,1.0872584712341118e-05
GENE_02136,CD56,1,2427,0.08836285661899672,0.00011875834659244955,4.490059506772167,7.120327884841318e-06,1.1140614098520677e-05
GENE_14089,IgM,0,3446,-0.07805630134155973,0.0001919877270493548,-4.485904613037291,7.260522048041119e-06,1.1351768598921431e-05
CD8A,CD8a,5,86,0.484670921540236,0.0016114555605223992,4.482893673451315,7.363762501874534e-06,1.1504883447413205e-05
GENE_10668,CD3,1,2427,0.09179815548357359,0.00043740571668140685,4.479157745473178,7.493814042591796e-06,1.1699636188974366e-05
CD3E,CD3,5,86,0.4795429301311286,-0.004876219655058409,4.478039893896363,7.533152598798645e-06,1.1752585803885288e-05
GENE_01361,CD45RO,2,938,-0.15244400417578652,-0.0004900683294932241,-4.4755684634929525,7.62082729385829e-06,1.1880814925029435e-05
KLRB1,CD14,4,932,-0.14762150077497427,0.001974794743441128,-4.469554218605594,7.838278867297584e-06,1.221103544603441e-05
CD3G,CD3,5,86,0.47806867062335756,-0.006698915426645955,4.463238122913406,8.073024983073316e-06,1.2567704840747037e-05
GENE_00314,CD16,1,2427,0.09312369597945194,0.00044172825516021523,4.461627953268321,8.133935538389717e-06,1.2653437409684505e-05
GENE_13579,HLA-DR,1,2427,-0.0905922022108767,-0.0003361954845026333,-4.459903995203851,8.199637439055796e-06,1.2746495215519306e-05
GZMA,CD14,2,938,-0.14289771733935688,0.0016985923271820977,-4.458976497732778,8.235194935884197e-06,1.2789829361687012e-05
GENE_08439,CD16,2,938,0.1450013711631448,0.00014032079591224774,4.458869201486189,8.239317853675621e-06,1.2789829361687012e-05
GENE_17934,CD3,4,932,0.14862088517977884,0.0004490513587418819,4.456185976281717,8.343066205046985e-06,1.2941606633025638e-05
GENE_03570,CD56,4,932,0.14276337829928654,-0.000951712194454478,4.455920065983224,8.353415503618226e-06,1.2948391556753001e-05
GENE_01844,CD4,2,938,-0.14480826953902962,-5.5267030493180854e-05,-4.455204714087474,8.381318129612673e-06,1.2982356245082674e-05
GENE_10670,CD38,1,2427,-0.08803918227850517,0.0010686868182628567,-4.451853927118868,8.51320724647156e-06,1.3177228645074194e-05
CD3E,CD38,1,2427,-0.08876967608490588,-0.00076512256473074,-4.451086950810693,8.543673686929438e-06,1.3214947094629616e-05
CD8B,CD3,2,938,0.139914453946339,-0.001777361715760398,4.45036515936697,8.572440412698615e-06,1.3249984575119757e-05
GENE_10668,HLA-DR,1,2427,-0.09044420690379959,0.0007623466152272786,-4.443571005703766,8.847793778788427e-06,1.3665836862889894e-05
GENE_16261,CD3,1,2427,0.09078807445545184,0.0006085998895010554,4.433425591823866,9.274752611791882e-06,1.4315091816063398e-05
KLRB1,CD45RO,1,2427,-0.09460004732120006,-0.0005405985998079653,-4.432376750525376,9.319997952319609e-06,1.4374687233221773e-05
PF4,HLA-DR,1,2427,-0.09073777922204065,0.0001990117227934723,-4.428940795541998,9.469701155862097e-06,1.4595193744490157e-05
GENE_10590,HLA-DR,1,2427,-0.08919890751296967,-0.00029943578762510806,-4.427757561427831,9.521783891898376e-06,1.4665036029668643e-05
GZMA,CD38,4,932,-0.14694656699523742,-0.0004395842439507864,-4.423602520605635,9.706853666858133e-06,1.4939454471648845e-05
GENE_10670,CD3,1,2427,0.08923419202364231,0.0003044465117139996,4.4226323108626895,9.750560003538445e-06,1.4996070637095677e-05
CD8B,CD45RO,0,3446,0.07322529539410733,-0.0007667007921807355,4.422282226177085,9.766376839805953e-06,1.5009743696354257e-05
GENE_14372,CD56,1,2427,0.08897006019350492,0.00034617812554484946,4.415566929298815,1.007456017337877e-05,1.5472410982077814e-05
CD8A,CD38,4,932,-0.14484218687351055,-0.0003862856707257232,-4.4136039852913305,1.0166385227828023e-05,1.5602377329110002e-05
GENE_00820,CD16,2,938,0.14338412664728833,0.0015422821771769737,4.408325027072187,1.0417313083397377e-05,1.5976162386215227e-05
GENE_14730,CD4,2,938,-0.14598846718223965,-0.0008715764359238079,-4.406142218644522,1.0522788834271394e-05,1.612650877218254e-05
GENE_00658,CD4,2,938,-0.1450626004091342,-0.00027628189278773986,-4.405751087396941,1.0541796156099253e-05,1.6144220685701118e-05
GENE_14372,CD38,1,2427,-0.08595105884022466,0.0009764656300057481,-4.400720466121119,1.0789204313745656e-05,1.6511444737208217e-05
NKG7,CD16,3,171,0.34054494038699046,-0.0023137692193391335,4.399410880314241,1.0854514137303154e-05,1.659966982042056e-05
GENE_12873,CD3,4,932,0.1412845584659202,-0.00029191791772651353,4.3989042577975805,1.0879880820988862e-05,1.6626729012047154e-05
GENE_13941,CD56,4,932,0.14146450343331413,-0.0009703297560000275,4.395770908964203,1.103803021890612e-05,1.685652676840702e-05
PF4,CD3,1,2427,0.08887345119248294,0.00021796366941938096,4.395602445610973,1.1046594939449059e-05,1.6857726220976135e-05
PPBP,CD19,2,938,0.14699946094162908,0.0012119798307662552,4.394562710543415,1.1099595926357014e-05,1.6926688509792857e-05
NKG7,CD25,1,2427,-0.08897293187657258,0.0001802353955081991,-4.394299559537668,1.1113048622095376e-05,1.6935285769395695e-05
GENE_16261,HLA-DR,1,2427,-0.08704577290415462,0.00040655312251633403,-4.393998140234145,1.1128476779896243e-05,1.6946879256525058e-05
GENE_09829,CD56,4,932,0.1398702564805894,-0.0010361793517656048,4.393525999873627,1.1152684409287857e-05,1.697181679419016e-05
CST3,PD-1,0,3446,-0.07749523285611136,-0.0003297825777137766,-4.382822335358335,1.1715164787480479e-05,1.7815271645242245e-05
GENE_14730,CD16,2,938,0.1476752593248997,0.0014208661872547436,4.381231138811803,1.180106001264882e-05,1.7933307887384288e-05
GENE_14372,HLA-DR,1,2427,-0.08929507928925261,-0.00011531649985388328,-4.376978820364957,1.2033566247196493e-05,1.8273817839996354e-05
GENE_00617,CD38,1,2427,-0.08690072187942366,0.0013796302421385787,-4.376210412171622,1.2076044627556729e-05,1.8325482288456186e-05
GENE_01061,CD16,1,2427,0.09162325413453798,-0.00028281115087158367,4.373395779416971,1.2232865767863548e-05,1.8550468942589438e-05
GENE_14901,HLA-DR,1,2427,-0.08972948131166,-0.0003709974339187095,-4.371711122945266,1.2327656455704444e-05,1.867342588516508e-05
KLRB1,CD3,2,938,-0.14344884963330215,-0.0009671129215936097,-4.371648695772408,1.233118248346619e-05,1.867342588516508e-05
KLRB1,CD38,0,3446,-0.07236681564184873,0.00016445525532784975,-4.368727528691608,1.2497257035096414e-05,1.8911701113864474e-05
CD19,CD45RO,1,2427,-0.09151704318604355,-0.00038814399847250896,-4.367236994790738,1.2582817279265732e-05,1.902788907478635e-05
GENE_00483,HLA-DR,1,2427,-0.08724625820761607,0.0004257004898654101,-4.366296821668752,1.2637072651074583e-05,1.9096608392523448e-05
GENE_10222,CD4,2,938,-0.14573263090497193,-0.0007064037364164986,-4.364036645068671,1.276841742068084e-05,1.9281644983007233e-05
GENE_01610,CD56,4,932,0.13996813552658258,-0.0008015318870540792,4.358953962666537,1.3068559846927592e-05,1.9721148459813433e-05
CD8A,CD56,5,86,0.4741873167307194,-0.00021179523847849075,4.358514910520286,1.3094800223543701e-05,1.9746995187487265e-05
GENE_10590,CD56,1,2427,0.08739981171402554,-0.0002880526368482539,4.352554369176453,1.3456048733512349e-05,2.0277647848067634e-05
CD8B,TIGIT,2,938,0.14650642696134358,-0.0006284441014496154,4.352143335303946,1.3481307402241505e-05,2.030159356543248e-05
CD3D,CD25,4,932,0.1399328843702719,-0.0007072044108710408,4.34947515063069,1.364637454765032e-05,2.0535898364415447e-05
CD14,CD16,5,86,0.4642579319956108,-0.0026324244861124883,4.349264850275798,1.3659466412444071e-05,2.0541334986652535e-05
GENE_00617,HLA-DR,1,2427,-0.08720057817370093,0.000925749938176709,-4.343067500933975,1.4050693937091826e-05,2.111501647827877e-05
GENE_13013,CD56,4,932,0.1417083322439696,-0.0007397220826283424,4.331592627247563,1.4803464612857607e-05,2.2230843947375216e-05
GENE_07686,CD4,2,938,-0.14414970076925576,-0.0009001163389227858,-4.320055804633817,1.559897487364067e-05,2.340926492463943e-05
GENE_02725,CD3,4,932,0.13933222691775063,9.424816721251826e-05,4.318906352335803,1.5680429599099925e-05,2.3515218644463348e-05
CD3G,CD38,1,2427,-0.08600046376264654,-0.0007531980766922457,-4.31694024256649,1.58206966482953e-05,2.3709162957715016e-05
GENE_08494,CD3,4,932,0.13763286070851524,-0.00046755264635563973,4.313143981257395,1.6094922567187872e-05,2.4103453492118948e-05
GENE_00509,CD38,1,2427,-0.08508714361791608,0.0011092867288153485,-4.3119195614462456,1.6184331649904028e-05,2.4220612351755547e-05
CST3,TIGIT,4,932,-0.13909358195790533,-0.0001651673986752621,-4.306473091304927,1.658780972500782e-05,2.4807304122906798e-05
CST3,CD16,5,86,0.4673128554779062,0.0013293350080446828,4.304566755428045,1.673128374395096e-05,2.5004615084925328e-05
GENE_12808,CD38,1,2427,-0.08534065338012733,0.000976458291626716,-4.304291163400537,1.6752122848737068e-05,2.501850462661146e-05
GENE_02725,CD56,4,932,0.14161506668144208,-0.0009641215063150406,4.303762120209342,1.6792196199321117e-05,2.506108069141106e-05
GZMA,CD38,2,938,-0.1416285190042457,0.0015941053200875619,-4.3020341943842615,1.6923718556323584e-05,2.5239984935687e-05
GENE_00483,CD3,1,2427,0.08572605913834318,4.085977857757682e-05,4.2921866187893265,1.7692215159681825e-05,2.636797128681604e-05
CD3E,IgM,2,938,-0.14144782170098696,0.0004411355681977396,-4.288097727802405,1.8020980806643697e-05,2.683949512577106e-05
GENE_14297,CD56,4,932,0.13959099502882663,-9.51802678684056e-06,4.279795375849362,1.8706522181218496e-05,2.784136920789868e-05
FCER1A,CD56,1,2427,0.08479153135989605,-0.0002111869276970714,4.274317880328526,1.9172334171623152e-05,2.851506393267493e-05
GENE_13579,CD3,1,2427,0.0871430123292587,0.00048773239687332256,4.272724336619217,1.930991202783248e-05,2.869998584657955e-05
GENE_16867,CD56,1,2427,0.08523008405512118,5.51883169643369e-05,4.2688464562000545,1.9648645905297376e-05,2.9183424041658268e-05
NCAM1,CD25,1,2427,-0.083749603664056,-0.0003999137485592226,-4.268268495951248,1.9699612876291352e-05,2.923908294720778e-05
GENE_05044,CD16,2,938,0.1420799789164407,0.0009773699387535045,4.2650557024121785,1.9985233571610572e-05,2.9642711259192407e-05
NKG7,CD8a,2,938,0.13352966934196153,-0.0016588153070586787,4.260683620489719,2.038025630456591e-05,3.0207944878245095e-05
GENE_00314,CD38,1,2427,-0.08211924677762918,0.0012786273123672556,-4.259814008895354,2.0459708152665212e-05,3.0304981248684564e-05
GENE_17405,HLA-DR,1,2427,-0.08524907185448653,6.508984219576852e-06,-4.258159516050838,2.0611685512632746e-05,3.0509236684340955e-05
GENE_01061,CD56,1,2427,0.0863412518017983,-0.000154481474724353,4.253531761087998,2.1042507631103012e-05,3.112567511030732e-05
GENE_03939,CD3,1,2427,0.08719314157492992,0.0001438396749863188,4.253188057717376,2.107484449063836e-05,3.115224284530241e-05
GENE_02550,HLA-DR,1,2427,-0.08644228609505127,-0.0007117202649688753,-4.251198602477818,2.1262951089294476e-05,3.1408871854465666e-05
GENE_06523,CD4,2,938,-0.14193661508659774,-0.0007142018455352057,-4.243964745121136,2.1960486820310524e-05,3.241714914142568e-05
GENE_12577,CD56,1,2427,0.08304888596782313,5.99152429045754e-05,4.243186121828801,2.2036851896716934e-05,3.250773183130401e-05
GENE_07427,CD4,2,938,-0.13941788816638565,7.2586280315391026e-06,-4.24126875652608,2.2225980455959606e-05,3.276442152929556e-05
PPBP,CD14,2,938,0.13886175606909978,0.00127682441519587,4.23922684235638,2.2429092778937875e-05,3.3041362373867015e-05
CD79A,CD45RA,2,938,-0.14259654385448722,-0.0005153247928817584,-4.237363443364023,2.2615988540340934e-05,3.329405378187419e-05
CD3D,TIGIT,1,2427,0.0828686986345516,-0.0009097224980975817,4.23577678634962,2.277629496059157e-05,3.3500077659841436e-05
CD79A,CD25,0,3446,0.07428874678561315,0.0015891007102140967,4.235672641651145,2.2786854854917524e-05,3.3500077659841436e-05
CD3E,CD161,4,932,-0.13517853093858723,0.0017488717816685065,-4.230381659168919,2.3329515121796767e-05,3.42746164535143e-05
GENE_02136,HLA-DR,1,2427,-0.08606664323672297,9.646338661512167e-05,-4.227277034437031,2.3653637129638424e-05,3.47272572221724e-05
LYZ,CD16,5,86,0.46014678573256923,0.0012322299805641776,4.22431779120102,2.3966566352919905e-05,3.5162863430451885e-05
CD19,CD8a,1,2427,-0.0874110011546494,-0.0005564551851641226,-4.219655555363443,2.4467585258179632e-05,3.587365172833238e-05
GENE_07952,CD56,1,2427,0.08212153647753774,0.0003412968589051874,4.218829253202458,2.4557415500272198e-05,3.5981013785726744e-05
FCER1A,CD16,1,2427,0.08853381549526741,5.665738471650396e-05,4.217002696244809,2.47571016146013e-05,3.6249080539757445e-05
GENE_00800,CD16,2,938,0.13943483560901118,0.000973717294708355,4.213574979911876,2.5136008946190154e-05,3.677902186792307e-05
GENE_12808,HLA-DR,1,2427,-0.08482192613042029,0.0002992066782536416,-4.210939061459665,2.5431134575662867e-05,3.7185741312727015e-05
CD19,TIGIT,4,932,-0.13940541175533347,0.0012843776465480668,-4.205530173280493,2.6047083371213006e-05,3.806070779866391e-05
GENE_08246,HLA-DR,1,2427,-0.08316040459122243,4.172796710515346e-05,-4.204896580838652,2.6120156473671304e-05,3.8141764877658836e-05
GENE_01376,CD4,2,938,-0.13938473629056822,0.0002746006229006313,-4.203004915873005,2.633948662160884e-05,3.843613973671808e-05
GENE_18160,CD16,2,938,0.14061034030277866,0.0014016873028799611,4.1993499952756475,2.6768229262667097e-05,3.9035499873620186e-05
GENE_04293,CD56,4,932,0.13566701615151153,-0.0002379237275646123,4.195377979101936,2.7241691296307696e-05,3.969922329461922e-05
GENE_10670,CD16,1,2427,0.08715031133472009,-0.0003987525733387264,4.192837191323584,2.7548716128711986e-05,4.011966925464978e-05
GENE_12577,CD16,1,2427,0.08623844161293998,0.0007149791311865286,4.19236039931926,2.7606696359285057e-05,4.017710611858342e-05
NCAM1,CD45RO,1,2427,-0.08727340691265405,-9.908648028568985e-05,-4.188419087380978,2.8090442598389823e-05,4.085368396691996e-05
GZMA,CD45RA,1,2427,0.08384572414243914,-0.000671314285450269,4.187045284132029,2.8260945627686155e-05,4.1074090660761837e-05
GENE_13647,CD16,1,2427,0.08637509302695504,4.6577580343647e-05,4.185994705460309,2.8391996588347063e-05,4.123690121109121e-05
GENE_06812,CD3,4,932,0.1358150490886045,-0.00032881439019056787,4.184852294468349,2.8535158480217553e-05,4.141707195353747e-05
CST3,CD25,1,2427,-0.08449080174255975,-0.0008438262082109771,-4.183071712586036,2.875966226669938e-05,4.1714985362742675e-05
GZMA,PD-1,4,932,0.13827934473285516,0.00010655375097977315,4.1804959905144745,2.9087394064192513e-05,4.216212905491985e-05
GENE_09684,HLA-DR,1,2427,-0.08352533293243085,6.16291873110544e-05,-4.178673421405854,2.9321436964088193e-05,4.247296383768657e-05
CD14,CD38,2,938,0.13585845870097074,0.0016612767336819188,4.17787770295311,2.9424178496922306e-05,4.2593316501556866e-05
GENE_19877,CD38,0,3446,-0.07096629428754063,-0.00011248493778724711,-4.176949977684145,2.9544396521076407e-05,4.2738789893973685e-05
CLEC9A,CD3,4,932,0.13409294557861462,-0.00012099672230649225,4.176155721735662,2.9647689898909362e-05,4.285960240889699e-05
GENE_12119,CD56,4,932,0.13336057527830145,-5.6698157735686944e-05,4.171621162767885,3.0244016638893466e-05,4.369252270432143e-05
GENE_00509,CD56,1,2427,0.08394380121840685,-0.0001532124999321125,4.17036695233322,3.041095602763296e-05,4.3904424858015066e-05
GENE_16711,HLA-DR,1,2427,-0.08443969238620898,-0.0001597228311089197,-4.169588735561611,3.051497900828123e-05,4.402527264377192e-05
LYZ,CD4,4,932,-0.1366791498239201,-0.001267030751541288,-4.165677168623655,3.104297330094751e-05,4.473198502235015e-05
GENE_09571,HLA-DR,1,2427,-0.08483687230499092,0.00035728259500171516,-4.16565417082834,3.104610312580278e-05,4.473198502235015e-05
CD8A,CD14,2,938,-0.13074798113350738,0.001687389555565211,-4.16303597452825,3.1404386627195163e-05,4.521814340274546e-05
GENE_06812,CD56,4,932,0.1380192276153048,0.00037305180768574256,4.15640042961157,3.2330097678910706e-05,4.652013391115505e-05
GZMA,CD4,3,171,-0.3105167954226961,0.0036243378447962976,-4.155110499891088,3.251303733102281e-05,4.675232375336857e-05
GENE_04803,CD3,4,932,0.13445100957518624,-0.0002759226413757421,4.153836035378993,3.269474920813299e-05,4.6982441335559805e-05
CD3G,CD56,5,86,-0.43767368436186355,0.002142783703605799,-4.152393297632501,3.2901617520640344e-05,4.7248379832490146e-05
GENE_11395,CD56,4,932,0.1353257946960193,-0.0007700136832183111,4.151173680380837,3.307746274889828e-05,4.7469444885339454e-05
GENE_05259,CD56,1,2427,0.08209406249938118,0.000704482373111602,4.150660342730927,3.315174276117406e-05,4.7544557619764515e-05
GENE_16690,CD4,2,938,-0.13737605876389838,3.676360420248701e-05,-4.148155209666888,3.351651488922707e-05,4.803590460645176e-05
GENE_17563,CD4,2,938,-0.13395195624739054,-0.0011340545771461106,-4.145284032026381,3.393927513966039e-05,4.860965580148319e-05
GZMA,CD56,3,171,0.3172776233103728,-0.002522220880576606,4.14135818457564,3.452553135593364e-05,4.9416662119093923e-05
CD3G,CD14,5,86,-0.4465528439208605,0.005656449253512665,-4.140459051148805,3.466114823164566e-05,4.9578025226386896e-05
GENE_07293,CD3,4,932,0.13296294540302883,-9.749520676176313e-05,4.139109955820871,3.486558256218492e-05,4.983754446718649e-05
GENE_10668,CD56,1,2427,0.08123812983415923,-0.0005814870851779909,4.138907858055508,3.489630576481704e-05,4.984857916437609e-05
CD79A,TIGIT,4,932,-0.13685758035150844,0.0007495614806443637,-4.13840834606085,3.4972352665353954e-05,4.991305206700122e-05
CST3,CD38,2,938,0.13650966273028664,0.0012872984626931226,4.138308933278732,3.498750627123897e-05,4.991305206700122e-05
LYZ,TIGIT,4,932,-0.1360617021648286,-0.000432946486880722,-4.132310790350333,3.591343699932684e-05,5.1200274985224516e-05
GENE_08246,CD3,1,2427,0.08514596915725002,0.00030279408496771456,4.132087924026196,3.594828515953988e-05,5.121626163098153e-05
GENE_10590,CD38,1,2427,-0.08363543941723396,0.0005598430330814005,-4.130254562602221,3.6236176943757406e-05,5.1592506857504796e-05
GENE_19228,CD38,0,3446,-0.07146408130574504,0.00024277834667574253,-4.12965083823161,3.6331457643594294e-05,5.169420138783246e-05
GENE_05821,CD4,2,938,-0.13685229818601374,-0.0005529414775623828,-4.127665986828497,3.6646389330087105e-05,5.210808771541913e-05
GENE_17801,CD56,1,2427,0.08246393490266198,-8.165983482001037e-05,4.119318500585084,3.799946015118266e-05,5.3996609932860867e-05
GENE_02134,CD4,2,938,-0.13604263369707117,-0.0006879828218198951,-4.117474591148502,3.830467453377248e-05,5.4394645946713606e-05
GENE_07952,HLA-DR,1,2427,-0.082427926937089,0.00035556082632257833,-4.106643174116524,4.0145066292975276e-05,5.697076532866891e-05
CD3D,CD14,5,86,-0.44081568038524477,0.003476003615986116,-4.105267505893472,4.0384727292357264e-05,5.727336651998573e-05
GZMA,CD14,4,932,-0.13866403804740826,0.0019416470716225043,-4.104664437956007,4.0490217824626514e-05,5.738541662914693e-05
GENE_11527,CD16,1,2427,0.0836329192224383,0.00021878464797453029,4.1032004050767155,4.0747400037657197e-05,5.771216724287788e-05
GENE_01202,CD4,2,938,-0.1327497386584408,-0.0010801334671509254,-4.101672220592979,4.101750464380037e-05,5.80567815565744e-05
NCAM1,CD38,0,3446,-0.06897431983491106,2.1307528076284318e-05,-4.101078931892525,4.112282476416903e-05,5.8167859832868344e-05
GENE_06387,CD4,4,932,0.13626656226588957,0.00059647989916726,4.096831208901738,4.188440674432368e-05,5.920646406715552e-05
GENE_09571,CD38,1,2427,-0.07932170629141075,0.001764371178594248,-4.094504261296134,4.230726331040932e-05,5.9765214858968055e-05
GENE_11179,HLA-DR,1,2427,-0.0816555513426976,0.0003415846122211757,-4.093531459619476,4.248524019173818e-05,5.9977534524753505e-05
GZMA,CD25,1,2427,-0.08340360471665935,-0.0003744395984857718,-4.0930148561245385,4.258004282396313e-05,6.003730149456816e-05
GENE_12808,CD3,1,2427,0.08509941826687469,0.0004850604060786747,4.092998831126365,4.2582986800715855e-05,6.003730149456816e-05
NCAM1,CD25,2,938,-0.13390327632509078,-0.0003166819689899177,-4.092218140111174,4.272664281647165e-05,6.0200672941023455e-05
CD14,CD25,1,2427,-0.08410584995112777,-0.0008976351052025103,-4.08985514485677,4.316426784801971e-05,6.077775726228637e-05
CD19,CD25,0,3446,0.07266787675526733,0.001332893176069355,4.087863739199738,4.353637311277343e-05,6.126189645154548e-05
GENE_05259,HLA-DR,1,2427,-0.08197574553044659,-9.38771552082544e-06,-4.086571303273157,4.377949806512297e-05,6.156403134790491e-05
GENE_04161,CD38,0,3446,-0.0698118663657542,7.01677790613758e-05,-4.082533203159545,4.454744498725833e-05,6.260331600997976e-05
GENE_10609,CD38,0,3446,-0.0702419311651602,0.00013058746614602425,-4.081241271258773,4.479582435387761e-05,6.291156926432454e-05
CST3,CD161,4,932,-0.13422763370338903,0.0004649354356465393,-4.077495637669784,4.552338375040206e-05,6.389195115746196e-05
GENE_03570,CD3,4,932,0.13766147580167556,-0.0005651980510458062,4.0736465361172725,4.628270789764234e-05,6.491561683766405e-05
GENE_16711,CD56,1,2427,0.08059081579348462,0.00014755798331775785,4.072586721208926,4.649388025883706e-05,6.516962388156526e-05
GENE_07952,CD38,1,2427,-0.0785708410897812,0.001056545581783358,-4.06896428479923,4.722258451233239e-05,6.614824863492197e-05
CD3G,CD38,2,938,-0.1264835298938664,-0.00063421488848556,-4.0672296974130395,4.7575343178375445e-05,6.659933376456045e-05
GENE_00509,HLA-DR,1,2427,-0.08190916727191264,-0.0006263543275365015,-4.066980014925493,4.7626325710771547e-05,6.662766159796123e-05
GENE_02550,CD3,1,2427,0.08388184031418856,0.000675289357895431,4.066530709340591,4.77181996779201e-05,6.67131217432599e-05
NKG7,CD25,2,938,-0.13448589759782079,-0.00015394973342488396,-4.066328525621757,4.7759596984450767e-05,6.672794755983546e-05
GZMA,PD-1,2,938,0.1326601163464104,0.0011920305338842137,4.063069853287224,4.843152833320737e-05,6.762314555287395e-05
GENE_07285,CD38,0,3446,-0.06924770744209974,1.5958071746246133e-05,-4.060960542905338,4.8871231291788876e-05,6.813542769980818e-05
GENE_00483,CD16,1,2427,0.08403433690419693,3.4213861697326394e-05,4.06081112136452,4.890252254206008e-05,6.813542769980818e-05
GENE_08246,CD38,1,2427,-0.0803652756968967,0.0008512862587747403,-4.060801356142065,4.8904568196212125e-05,6.813542769980818e-05
GENE_10668,CD16,1,2427,0.08459689332362955,-0.0006923417612982368,4.060707695615556,4.892419266308331e-05,6.813542769980818e-05
GENE_10670,CD56,1,2427,0.08022143400421732,-0.00042764922108642754,4.058912372430951,4.930180857811353e-05,6.861722491250611e-05
KLRB1,CD25,2,938,-0.13470747229883595,-0.00021903638440092814,-4.057395120509226,4.9623089384305915e-05,6.902004794338314e-05
GENE_16690,CD16,2,938,0.13679941537262036,0.000411876001095657,4.055447274998805,5.003845912998322e-05,6.955313722557643e-05
GENE_15449,CD38,0,3446,-0.06887754047188516,-3.262906561501381e-05,-4.0510595167581345,5.098623540899429e-05,7.082511034057091e-05
GENE_05821,CD8a,2,938,0.1298927900018971,-0.00141755976921615,4.040864403297328,5.325454511545854e-05,7.39286350193457e-05
CD3D,CD56,5,86,-0.42960538330084636,0.0015361787153658564,-4.0389151725723185,5.3698979165992035e-05,7.449787954718613e-05
GENE_12604,CD16,2,938,0.13642403496426522,0.0006168271760673661,4.035411609267953,5.450665715043561e-05,7.557001026551118e-05
MS4A1,CD8a,1,2427,-0.08278562706569921,-0.0006257927725556889,-4.030631945127793,5.562709148608142e-05,7.70741094951013e-05
GENE_10754,CD8a,2,938,0.12935122273638675,-0.0008295697023394655,4.025586035354982,5.683359561633599e-05,7.869546434543137e-05
CD8A,CD25,1,2427,-0.08408000764898994,-0.0005992274047906836,-4.025333626259397,5.689459426484777e-05,7.872962054401348e-05
CD8B,CD45RA,1,2427,0.0804589859665947,-0.0006430971451643049,4.023936400224329,5.723337930762795e-05,7.914788319057419e-05
GENE_13647,HLA-DR,1,2427,-0.0798734868760139,7.595567764893409e-05,-4.022880430414608,5.7490686807786025e-05,7.945300912785224e-05
GENE_10288,CD4,2,938,-0.13194555108600262,-0.0008183701957586479,-4.015227791195778,5.9388407465303693e-05,8.202337729592932e-05
GENE_09684,CD161,1,2427,0.07982350617381827,-0.00039472560550130373,4.014339195842883,5.961256814944667e-05,8.228053196168849e-05
CD3E,CD14,5,86,-0.4342410744502182,0.0052980053140745925,-4.010237455192209,6.0657714725259003e-05,8.366980764458068e-05
GENE_09571,CD161,1,2427,0.08012361049030556,-0.0004391641149891621,4.003885857249262,6.231043751402485e-05,8.589485883771746e-05
CD8A,TIGIT,2,938,0.1355623939006029,-0.0005408122236547597,4.00338145954415,6.244349588409777e-05,8.602355726690391e-05
GENE_08246,CD16,1,2427,0.0835224879254167,0.0005854826089503748,4.000382054677525,6.324030083997164e-05,8.70659033800626e-05
GENE_11527,HLA-DR,1,2427,-0.08149006253521382,-0.00023776637117552327,-3.996033046418787,6.441274636549475e-05,8.86237596025569e-05
GENE_05651,CD3,1,2427,0.08126855475950086,0.0002803592464502576,3.990071531489161,6.605337157860357e-05,9.082338592057991e-05
CD8B,PD-1,2,938,0.13028508372812836,0.0015261785998495737,3.988468098634001,6.650134362752851e-05,9.138136438862034e-05
GENE_09684,CD3,1,2427,0.08039284146765599,0.0007021699010997364,3.9847447685967783,6.755269413981962e-05,9.276722953167877e-05
GENE_03881,CD16,2,938,0.13455156446398708,0.0012886134897386308,3.9820015098424446,6.833734560366996e-05,9.378532484050208e-05
GENE_08030,CD4,4,932,0.13150090880929025,0.0007618879304425833,3.9771299539395857,6.975204952123683e-05,9.566626032437988e-05
GENE_09571,CD3,1,2427,0.08085552842194298,-1.846679405400295e-05,3.975195975759117,7.032132511630953e-05,9.638602879635848e-05
GENE_08530,CD56,4,932,0.1259961786935813,5.226094720000525e-05,3.974495263484693,7.052866569144987e-05,9.660911412981786e-05
GENE_04826,CD56,4,932,0.12826323173297038,-0.0003978112978590644,3.9739431225621855,7.069245130288057e-05,9.677229436092369e-05
PF4,CD38,1,2427,-0.07722410887553158,0.001454071494691355,-3.971600447731147,7.139138656576938e-05,9.766738301011505e-05
CD8A,CD4,3,171,-0.29853595251902565,0.0025427706437067548,-3.9660212472937606,7.308235053484535e-05,9.991763634637846e-05
GENE_04803,CD56,4,932,0.1309383522084543,3.535235521398913e-05,3.964842992291737,7.344427250655895e-05,0.00010034914156476245
PPBP,IgM,2,938,0.13386395668098713,0.002415574402046292,3.9640796035406423,7.367966516277252e-05,0.00010060733106977193
CD8A,CD45RO,0,3446,0.06594726649915637,-0.001100647618985818,3.9633787530975884,7.38964020776462e-05,0.00010083973759588118
GENE_08439,CD4,2,938,-0.13039066426464904,-0.0005202862122172504,-3.954969059524822,7.654455714666514e-05,0.00010438770002317392
GENE_10590,CD3,1,2427,0.08065138028222121,0.000932824451234224,3.948667410404819,7.858744780569602e-05,0.00010710628892763728
GENE_11105,CD38,0,3446,-0.06679832622523997,-0.000256331125795392,-3.9466355667885495,7.925705357992667e-05,0.00010795099629648088
GENE_01061,CD3,1,2427,0.07888686297834839,0.0007105959401406332,3.946446948641634,7.931948661747474e-05,0.00010796817054024357
CD79A,CD45RA,1,2427,-0.08111401837584839,-7.083435679718702e-05,-3.9435227966753255,8.029335492205453e-05,0.00010922517270313382
GENE_10844,CD38,0,3446,-0.06681637790704914,4.657487496970782e-06,-3.941974012688895,8.081373437669014e-05,0.00010986409184083285
GENE_00483,CD56,1,2427,0.07881172972623363,0.0002918089910250239,3.937715654512818,8.226099120750959e-05,0.00011176148460606475
CD3D,CD56,4,932,-0.13387612118686507,-0.0006790961459389032,-3.9338600087083,8.359248104125855e-05,0.00011349931479724768
CLEC9A,CD38,0,3446,-0.0660585848219863,0.00043278749894549306,-3.9330137782217465,8.388742731768508e-05,0.00011382846274102915
GENE_15775,CD4,2,938,-0.13057799794254132,-0.0006515052132602338,-3.9303830458447466,8.481063983173135e-05,0.00011500917178683469
GENE_09573,CD38,1,2427,-0.07698417021593806,0.0011688433299184345,-3.93004906171735,8.492853058169815e-05,0.00011509701424048774
CST3,CD4,4,932,-0.13254753981084222,-0.0004029279463044061,-3.9279928119899363,8.565777050489765e-05,0.00011601274292757075
CD3D,CD38,2,938,-0.123850287706207,4.222491320224718e-05,-3.926369177478915,8.623776155261467e-05,0.00011672531498095938
GENE_09529,CD56,4,932,0.12466790181965337,1.954365345533797e-05,3.9209874504739792,8.818685598258718e-05,0.00011928896186908017
CD79A,CD8a,1,2427,-0.08172613576793478,-0.00042256802541753517,-3.9157672825386864,9.011714396114973e-05,0.0001218239868769878
CD8A,CD56,3,171,0.30141173003776317,-0.0016357857013833553,3.9151761761423476,9.03382186785566e-05,0.00012204670815238912
GENE_08246,CD56,1,2427,0.07804506587550566,0.0009175556419624276,3.9115700314899926,9.169805779504032e-05,0.00012380666120987688
CD14,IgM,2,938,0.1264082794061138,0.000296581620912919,3.9112936032310905,9.180308987918382e-05,0.00012387129250821378
CD3E,CD45RO,3,171,0.3051152557189525,-0.004661534875462885,3.9054629123292988,9.404518185170986e-05,0.00012681761609997216
GENE_07952,CD3,1,2427,0.0807116278469082,-1.528995206984889e-05,3.9041995379102774,9.45377599169115e-05,0.00012740256575867364
GENE_01041,CD56,4,932,0.1290395921269263,0.00024535930607738876,3.902070474363168,9.537337885170074e-05,0.00012844879550754227
GENE_13579,CD16,1,2427,0.08156602807686383,0.00022627869892007023,3.89690269048414,9.743074352140115e-05,0.00013113814982042006
CD3E,CD25,5,86,0.40317802323139773,-0.001058889594387852,3.8942180217386455,9.851601513132148e-05,0.00013251657652984088
GENE_05044,CD4,2,938,-0.126227981705255,-0.0012741375676137857,-3.8936687096204854,9.873947535722273e-05,0.0001327347661905097
GENE_16261,CD56,1,2427,0.07824539941208501,-0.0003257977446664064,3.892241153663118,9.932244506087697e-05,0.00013343567169678885
GENE_01376,CD45RA,2,938,-0.12799935815296856,-0.00039707331191901694,-3.8892336270189443,0.00010056127651850794,0.00013501628637893848
GENE_00617,CD3,1,2427,0.07981803576753756,-5.467643029853934e-05,3.8870539968622864,0.0001014681890952854,0.00013614957632785354
GENE_17405,CD3,1,2427,0.07880247452205161,0.0002566742964935181,3.886286746148165,0.0001017892640527499,0.00013649587574400313
LYZ,CD25,1,2427,-0.07873909653284575,-0.0007968372221105251,-3.8856814053829316,0.0001020432603199549,0.0001367518522655178
GENE_12808,CD16,1,2427,0.08144748450652613,-0.0004231520197549978,3.8854397371715277,0.00010214482940850446,0.00013680336546862123
PF4,CD14,2,938,0.12786167909422197,0.000845604837297116,3.8839659058809164,0.00010276632437082401,0.00013755072570202325
CD8B,CD56,3,171,0.295470194637657,-0.0020230118573742323,3.88185888336634,0.00010366102869309014,0.00013866262294933725
GZMA,CD16,3,171,0.2963434212835919,-0.0029409217241639593,3.879043655236882,0.00010486793563553686,0.00014019050988415077
GENE_11354,CD38,0,3446,-0.06514014279735804,-0.0003017884366470801,-3.876481739110921,0.00010597775965590196,0.00014158680960193562
GENE_14089,CD38,0,3446,-0.0643092549755664,0.0001443785675143802,-3.863432776500636,0.00011180467134810686,0.00014927955810927144
CD3G,CD56,4,932,-0.12999448955265847,-0.00027033026245532375,-3.862913583950439,0.00011204265105126585,0.00014950518770202775
GZMA,TIGIT,2,938,0.12903911604123847,-0.0006229399331218181,3.8593196998417376,0.00011370311008779609,0.00015162747049861792
GENE_02136,CD38,1,2427,-0.0753132463559866,0.0013403122362668218,-3.8565585560354267,0.00011499456083367893,0.00015325535874943558
CD3E,CD38,2,938,-0.12220472477672545,-0.0006289562971896222,-3.8561126130509606,0.00011520443183809586,0.000153440690714907
CD14,TIGIT,4,932,-0.12812410999338872,-0.0010842174892488968,-3.8549548489491037,0.00011575098984851244,0.00015407395270376317
GENE_01420,CD3,4,932,0.12596351834951877,0.00033757373165313015,3.852463204916495,0.00011693555248561417,0.0001555551517718391
GENE_05259,CD38,1,2427,-0.07486715021678039,0.0011799799957774699,-3.847703108442887,0.00011923041917798224,0.000158510624759931
GENE_17405,CD56,1,2427,0.07651896092306723,0.0005045392580803431,3.8455674565992353,0.00012027376946278821,0.00015979966794963952
CD3G,CD25,4,932,0.12158412881377348,-0.001191929834595235,3.845220536122309,0.00012044406443811707,0.00015992787232683804
CD19,CD45RA,2,938,-0.12743491070992935,-0.000737932482206466,-3.8436977182569114,0.00012119427207985621,0.00016082546699145648
CD8B,CD45RA,0,3446,0.0631254798384786,-0.00021869069587807842,3.8388483544016117,0.000123612743430105,0.00016393440331275244
GENE_16987,CD38,0,3446,-0.06542428276921756,8.094121278076088e-05,-3.8371912890754007,0.00012444953152164194,0.00016494320171706305
GENE_01621,CD4,4,932,0.12617114281976,-0.00019286920879239627,3.83423107783965,0.00012595769009809399,0.0001668400455027932
LYZ,HLA-DR,5,86,0.41500604251821865,0.0026050446383018865,3.8338417522595223,0.00012615731944015015,0.00016700238926500022
FCER1A,CD56,4,932,0.12258603634269129,-0.00023067796710152596,3.8322496531102064,0.00012697678661083533,0.00016798455225011
GENE_02415,CD3,4,932,0.12511202256538445,-0.0017727019544949288,3.8294041717595917,0.00012845389054338906,0.00016983500964461507
CST3,CD45RA,1,2427,0.08013756444213677,0.0008561393209416057,3.827456672370434,0.00012947416587249093,0.00017107958380834624
GENE_14901,CD3,1,2427,0.07656451098036422,0.0003374542462660955,3.805527954675961,0.0001415020304547539,0.00018685856184975726
MS4A1,CD25,0,3446,0.06662789874514242,0.00156345577234106,3.7949759580842026,0.0001476577638905552,0.00019486868109064138
GENE_13647,CD56,1,2427,0.07475247571779148,0.00032734129296544133,3.7939017862418156,0.00014829835198862948,0.00019559496576954357
MS4A1,TIGIT,4,932,-0.12342181556778493,0.0013262732312155211,-3.7838025512811293,0.00015445036888669242,0.00020358512735855382
CD14,CD161,4,932,-0.12513965026288587,0.0006511489414710212,-3.7829082107763576,0.00015500658781958618,0.00020419408863528465
CD8A,PD-1,2,938,0.12432172937435722,0.002029000166722165,3.7791429129329757,0.00015736909069530213,0.00020718032778658548
NKG7,CD38,0,3446,-0.06316573184711317,-1.337104069796445e-05,-3.763804555841794,0.00016734769447409318,0.0002201836392989435
CD3D,CD161,4,932,-0.12443656994968345,0.0015045663644821013,-3.7634760265811433,0.00016756779750790003,0.00022033945218423505
GENE_09684,CD38,1,2427,-0.07447444971905569,0.001174006470444448,-3.759548578307881,0.00017022022404959055,0.000223691464836545
CD3D,CD8a,1,2427,-0.07590707057712542,-0.0005753053554107574,-3.7585667998296213,0.0001708894172441194,0.00022443476798061015
CD8B,CD14,2,938,-0.11773361876857719,0.0015783968402965783,-3.7573782041562738,0.00017170289112472886,0.0002253665445592292
CD8B,PD-1,4,932,0.12313596449460726,-0.00032364696437295,3.756829140144627,0.00017207989863973945,0.0002257246612302151
GENE_17405,CD38,1,2427,-0.0761279523071707,0.000912156634354479,-3.7507981690328394,0.00017627255007240014,0.0002310844621941265
GENE_06387,CD56,4,932,0.12004619597637992,-0.0008080422171249281,3.7476632143701427,0.00017848969122201232,0.00023384955313065337
GENE_18160,CD45RA,2,938,-0.1227873704922919,-0.00016744817266866956,-3.7456122191936907,0.00017995438214818483,0.00023562607016019125
GENE_10668,CD38,1,2427,-0.0751837301432708,0.0010732709554516493,-3.7433228120085262,0.00018160267677722094,0.00023764070083106143
PF4,IgM,2,938,0.12477300581668918,0.0012429514810999148,3.743086534630854,0.0001817735940727127,0.00023772080769798938
GENE_03621,CD25,2,938,-0.12477414628900309,-0.00022739265239038993,-3.7405054265970112,0.0001836505808861107,0.00024003064462014588
NKG7,CD45RO,1,2427,-0.07940113228039976,-0.0005603679530097657,-3.737875780163778,0.00018558159224067885,0.00024240826424686622
GENE_02136,CD3,1,2427,0.07783801868524011,0.0003412659580230275,3.736016059198834,0.00018695873356835654,0.00024405998532688473
CST3,CD8a,4,932,-0.11837014515685991,-0.00013155137895759625,-3.7308470559967626,0.00019083705561716727,0.0002489728473945825
CD8A,CD16,0,3446,0.0625468327328718,4.791384095327206e-05,3.7282836288822376,0.00019278833201031597,0.0002513672174887814
CST3,HLA-DR,3,171,0.284975054498409,0.002299932703431979,3.7212471050681315,0.00019824133376431956,0.0002583216898781001
CD8A,CD45RA,1,2427,0.0750776178241314,-0.00046183174598564625,3.7158603346570622,0.00020251342977384518,0.00026372992927879956
GENE_11179,CD56,1,2427,0.07677918146348878,0.00028573966245599357,3.714721506428217,0.00020342760882383879,0.00026476133833108626
GENE_03881,CD8a,2,938,0.11796851190389025,-0.0018073303780454636,3.7130551030504564,0.00020477228049748357,0.00026635145968670283
CD8B,CD56,5,86,0.39682555675429004,-0.0012631852433341076,3.7079017829904055,0.00020898367612115035,0.0002716662424442308
GENE_17046,CD38,0,3446,-0.061705071654780494,1.74677074963998e-05,-3.7074750576203526,0.00020933602716308254,0.0002719611336105515
FCER1A,CD3,1,2427,0.07574523600355913,0.0006902090772764389,3.7052705176717486,0.00021116524000293073,0.00027417320256821503
GENE_08530,CD4,4,932,0.12280224159349908,0.0010427761164335742,3.7030984135036005,0.0002129822122404688,0.00027636673887730293
GENE_02017,CD38,0,3446,-0.06283958914828376,-0.0001795632197635493,-3.6990339052716634,0.00021642169145315177,0.0002806020714354852
CD19,CD45RO,0,3446,-0.06369779461223085,0.00018561804439718184,-3.6989360343210382,0.00021650515156443527,0.0002806020714354852
GENE_16867,HLA-DR,1,2427,-0.07544152152807806,-5.445216368954896e-05,-3.6960134673375555,0.0002190113599394558,0.0002836805839741786
MS4A1,CD45RA,2,938,-0.12258923180448932,-0.0007483015560940338,-3.694940127161744,0.00021993860777232434,0.00028471144745676635
GENE_09688,CD38,0,3446,-0.062352093330369764,0.000264424311025408,-3.6922336355681997,0.0002222931090683225,0.0002875875625976447
GENE_05558,CD3,2,938,-0.12297047551828784,-0.0017667560975075619,-3.690827298722472,0.00022352586802786242,0.0002890098782913949
CD3G,CD8a,1,2427,-0.07523678787318776,-0.0005791941269990518,-3.689283573624179,0.00022488644521045996,0.00029059566295233554
LYZ,CD56,5,86,0.3985654874943008,-0.0025461436601708406,3.688008229658859,0.00022601634212869788,0.0002918816527967153
GENE_07427,CD45RA,2,938,-0.12239267714928988,-0.0004060017395811925,-3.687746848858531,0.000226248570660808,0.00029200753580820184
CST3,CD56,5,86,0.4070348199351041,-0.002680093398065592,3.681537274326545,0.00023183188714130562,0.0002990355353781008
GENE_17405,CD161,1,2427,0.07330284061136144,-0.00017415911815233683,3.6791756877925272,0.00023398903859743486,0.00030163845725201746
GENE_13035,PD-1,0,3446,0.06352316309453124,0.00022361200554676147,3.677051399003414,0.00023594551230060763,0.0003039797414717103
MS4A1,CD19,3,171,0.27917100070221956,-0.0029957904976462076,3.6756304470244667,0.00023726276824502176,0.00030549519832855744
GENE_12577,CD38,1,2427,-0.0739464952262672,0.0007683987148424003,-3.673696954009335,0.00023906624699289404,0.0003076345351743476
CD8B,CD4,3,171,-0.270326782876083,0.004030702904631686,-3.6702249660763484,0.00024233709366214796,0.0003116584462705487
GENE_19860,CD4,2,938,-0.12135644950045806,0.000152880806388881,-3.666832286094265,0.0002455737439240868,0.0003155084303999031
GENE_00800,PD-1,2,938,0.1164824650032113,0.0020890608008245384,3.666782094804654,0.0002456219298960021,0.0003155084303999031
CD3D,CD14,3,171,-0.2852603205423998,-1.1704187569676332e-05,-3.662084176707897,0.00025017162265141224,0.00032116226675687814
GZMA,CD56,5,86,0.39430028460074085,6.632065862947396e-05,3.661902894192354,0.00025034875944695325,0.00032119938527030653
GENE_11179,CD161,1,2427,0.07490095310247669,-0.00017201265200108057,3.660733803944797,0.00025149394248907684,0.0003224777357241595
GENE_08030,CD56,4,932,0.11846902197443258,-0.0007300260504842838,3.6593966369113216,0.00025280978790752807,0.00032397327640190025
GENE_04674,CD16,3,171,0.2859139082376905,-0.00218330863381461,3.655707169915568,0.00025647398774295677,0.00032847466397103265
GENE_00820,CD8a,2,938,0.11749295338051409,-0.0016191899215089326,3.654027215586677,0.00025815888550918527,0.0003304372740096896
GENE_00820,CD4,2,938,-0.11639873009023485,-0.0012922996423738765,-3.651320917486348,0.00026089499074106304,0.00033374229335058063
GENE_13035,CD38,0,3446,-0.0627635640868759,-0.00023485984006126813,-3.6510170793404537,0.0002612038672628241,0.00033394028339736863
GENE_05651,CD38,1,2427,-0.07094609798235477,0.0006246330461612106,-3.641080021221454,0.00027149672780730735,0.00034689469879624704
GENE_10069,CD38,0,3446,-0.06134527114923924,0.0001554228660550107,-3.6284150429030313,0.0002851665589542587,0.0003641461009156621
GENE_10890,CD4,2,938,-0.11708611761299659,-5.612310828043243e-05,-3.6280230826255933,0.00028559973218634203,0.0003644844638679642
KLRB1,CD16,3,171,0.28355415463096995,-0.0013375082731044738,3.6254943623218345,0.0002884091888734772,0.00036785327386040323
NCAM1,CD38,1,2427,-0.07302410925568206,0.001010708574048538,-3.624428707873816,0.0002896008885062138,0.000369155956113509
CD3G,CD161,4,932,-0.11435246158033793,0.002369665417358553,-3.617814889966236,0.00029710075743390543,0.00037849343995254145
CD8A,CD14,4,932,-0.12016033478241486,0.0020422810210852216,-3.6126687705428893,0.00030306172862764035,0.00038586061453354674
FCER1A,PD-1,0,3446,0.06225801205124343,0.00017562073202278874,3.6101833693262164,0.000305980614516239,0.0003893482041436817
CD14,CD4,3,171,-0.2844109003214889,0.0012564988423493084,-3.60975879826945,0.0003064818609103704,0.00038975715527744874
CD8A,CD45RA,0,3446,0.060356476669427596,-0.00010370691896872044,3.6095530365598862,0.000306725058630612,0.00038983765516277784
CD8A,PD-1,5,86,0.39180939595026926,0.0001788440701663061,3.6084602576078684,0.00030801968739336297,0.00039125361229860346
GENE_05636,CD3,1,2427,0.07349892365306562,0.0006943645027933645,3.602453891970549,0.00031522732650096776,0.0004001743506312813
GENE_05259,CD161,1,2427,0.07191213200092926,-0.000512379654505001,3.5964118933753872,0.00032263679262061173,0.00040934070820191194
GENE_16261,CD16,1,2427,0.07316645372464195,-0.0006093829770341248,3.595560034288992,0.0003236944670925999,0.00041044231140413345
CD79A,CD16,2,938,0.11991120462862255,0.00023734550823136124,3.5917737470702984,0.0003284349361870779,0.00041614922416515214
CD14,CD4,4,932,-0.12236986824395166,-0.0009080976750731916,-3.5916592532711538,0.00032857929051526317,0.00041614922416515214
PF4,CD161,1,2427,0.07077743432753343,-0.00029899396388278685,3.590510583491574,0.00033003082853025095,0.0004177434611127651
GENE_14901,CD161,1,2427,0.07121508067770499,-0.0002306909655118555,3.5834388862000415,0.00033910013047980687,0.0004289725526851964
GENE_19667,CD56,4,932,0.12000640288282918,-0.0006188308623563244,3.583104802073467,0.00033953430139228846,0.00042927119668441604
KLRB1,CD25,1,2427,-0.07227333845300209,-0.00026481201696131176,-3.574611322485718,0.0003507485555967518,0.00044319074051204723
GENE_10590,CD161,1,2427,0.06986135264886834,-0.0005792932937628522,3.573729599020288,0.0003519323682159229,0.00044442741370856936
GENE_01621,CD56,4,932,0.11303775604151667,0.00010831319994307416,3.5715337355461516,0.0003548968229840246,0.00044790996820406604
CD8B,CD45RO,2,938,-0.11972692748093776,-0.0011868229390421478,-3.569459179826681,0.00035771894919281027,0.0004512089423171245
CD8A,PD-1,4,932,0.11717283498874088,6.37148746711311e-05,3.5679701471228418,0.0003597574804018542,0.00045351626528843396
GENE_05651,CD161,1,2427,0.070931951831054,-0.00027835257712771286,3.567262498032873,0.00036073007699357826,0.00045447795165411863
GENE_05636,HLA-DR,1,2427,-0.07104099082857099,-1.9549806257749886e-05,-3.5654670912744644,0.00036320873720950564,0.0004573348829360829
GENE_12808,CD56,1,2427,0.07192530100991262,-0.0001596574994367293,3.5622171537071954,0.0003677360090929457,0.0004627665108620286
GENE_01061,CD38,1,2427,-0.07053042339461875,0.0008321075173185926,-3.5607956311844786,0.00036973277637669856,0.0004650092434174729
GENE_14594,CD4,4,932,0.11696799046364077,7.703744226538355e-05,3.5606317938724876,0.0003699635637451017,0.0004650296070972363
GENE_12808,CD161,1,2427,0.07027086764507226,-0.0005405787041661485,3.557781956677989,0.00037399955910237857,0.0004698301707680315
CST3,HLA-DR,5,86,0.38420523359127473,0.002332156912022615,3.5551153841252225,0.0003778132511623196,0.0004743460691012436
GENE_03621,CD3,2,938,-0.12219933272358968,-0.0006659662431124916,-3.5548882593657942,0.0003781397558945937,0.0004744810949760188
CD14,CD56,5,86,0.38392610598079896,-0.0038609200753982184,3.547932643690025,0.0003882674998270703,0.0004869072176650818
GENE_13941,CD4,4,932,0.11792177421925164,0.0012213132929887829,3.5457479276661847,0.0003915005113961016,0.00049067762185966
GENE_16888,CD38,0,3446,-0.060352317621598,0.000280080358775287,-3.5454751814196652,0.0003919058915090179,0.0004909017727745906
GENE_04613,CD38,0,3446,-0.061270142852000685,2.379503561241106e-05,-3.5328807564377365,0.0004110578313283849,0.0005145940615185501
GENE_01361,CD4,2,938,-0.11647593576400259,-0.0005982740772530424,-3.5317090318211863,0.00041288339293268466,0.0005165810118274409
GENE_04125,PD-1,0,3446,0.060383178457716506,0.00013579700698106032,3.5296871889646586,0.0004160512669523385,0.0005202441404995485
GENE_16888,PD-1,0,3446,0.06254891830362741,0.0004263352617124845,3.5287202775189166,0.00041757425848341993,0.0005218474153019441
GENE_06740,CD38,0,3446,-0.06067394221834501,-7.59982140919298e-05,-3.526912931778857,0.0004204349969973144,0.0005251196763649455
CD3G,CD25,5,86,0.36649886974601464,0.0015461060684164548,3.520791883759689,0.00043026016425706267,0.0005370816681711145
GENE_06523,CD45RA,2,938,-0.11529385961723253,-0.00016689566257361196,-3.5182718047430326,0.0004343672141987955,0.0005418962309549739
GENE_02134,CD8a,2,938,0.11176528808224263,-0.0014638138454383495,3.5148638693412706,0.00043997946249074114,0.0005485819880422532
GENE_11527,CD38,1,2427,-0.06871063428203489,0.0008354885564740317,-3.512454477394836,0.00044398805702097456,0.0005532617133780632
GENE_01161,CD38,0,3446,-0.059877718025530775,1.8392722446565757e-06,-3.5107177576829245,0.00044689861535708884,0.0005565685629188572
GENE_00314,CD161,1,2427,0.07196727932291067,5.8885543364518963e-05,3.5068063981891413,0.0004535189802430314,0.0005644891615087013
GENE_17563,CD45RA,2,938,-0.11401020474836858,-0.00045606445187189835,-3.4992026931004157,0.00046665169326864876,0.000580501848055776
GENE_03881,CD4,2,938,-0.11252167297948469,-0.0001410853459203424,-3.4979459021131647,0.0004688562252761817,0.0005829096042303417
KLRB1,CD3,4,932,0.11268406534831993,-0.0011132319181954228,3.494386224741398,0.00047515308589772174,0.0005903995052410339
GENE_14297,CD4,4,932,0.11316341881403552,0.0005694530237427026,3.493296261722725,0.0004770968861161858,0.0005924750442485813
GENE_07952,CD161,1,2427,0.07153847061887846,6.386672462898728e-05,3.4883257872939515,0.00048605544997540236,0.0006032543872260578
MS4A1,CD45RO,0,3446,-0.061689462924136844,4.2643767596056404e-05,-3.485204587727644,0.0004917608900754122,0.0006099861756115731
CST3,CD4,3,171,-0.27354892441218537,0.000997399486896239,-3.4761544990822117,0.0005086591620887537,0.0006305860436191814
GENE_10989,CD4,4,932,0.11794179851899902,0.0011848562284063678,3.474217638040749,0.0005123452849664084,0.0006347925857759903
GENE_01891,PD-1,0,3446,0.06107366484423771,1.0604339874108284e-05,3.472317814949922,0.0005159850968936148,0.0006387642912380688
GENE_16261,CD38,1,2427,-0.07075432607959746,0.0009329433216498516,-3.4722370251484986,0.0005161404125324681,0.0006387642912380688
GENE_08494,CD4,4,932,0.11680703890817065,0.000804987190806982,3.4708414936863052,0.0005188301611203596,0.0006417265748560613
GENE_16867,CD16,1,2427,0.07334750925358055,0.0006363281877877985,3.466431190698258,0.0005274167128023984,0.00065197490966503
GZMA,CD45RA,0,3446,0.05859507758147305,0.0002594812570895521,3.465005658321386,0.0005302203234443296,0.0006550669560455314
GENE_00483,CD38,1,2427,-0.06755593643986019,0.0013327775324420332,-3.455255235476383,0.0005497721104446513,0.0006788354207028827
CD79A,CD45RO,0,3446,-0.06014668548129817,-0.00011473155178832218,-3.4503873978549464,0.0005597826351062374,0.0006908023748719912
CD3E,CD56,4,932,-0.11583513344580985,-0.0007016229502362125,-3.450103268368122,0.000560372148598564,0.0006911362811685191
CD8B,CD25,1,2427,-0.0711523803010434,0.00014850050018124926,-3.4480352362857425,0.0005646803649745002,0.0006960536694537781
CD8B,CD16,3,171,0.2672746230541497,-0.002491490184867665,3.445804799298715,0.0005693614732922124,0.0007014248508381036
CD14,HLA-DR,5,86,0.36792957812658067,-0.0006108408645217026,3.4402362776525064,0.0005812065503282471,0.0007156105650916542
GENE_04293,CD4,4,932,0.11421727664977809,0.0013631279552944783,3.430943701357798,0.0006014854179821796,0.0007401583763585367
GENE_12577,CD161,1,2427,0.06761427197911102,-0.000250904614486381,3.419462440258783,0.000627449940017708,0.0007716708399650244
GENE_02415,CD56,4,932,0.1114498976823654,-0.0009395302485523486,3.4184610724293383,0.0006297632549282843,0.000774076558950421
GENE_01891,CD38,0,3446,-0.05806406369595672,0.00039340693588419843,-3.414133632865551,0.0006398518389959474,0.00078603114234933
GENE_02017,PD-1,0,3446,0.05891323508663688,-0.0001859013554196981,3.4114910772194476,0.0006460861585231573,0.0007932400597845223
GENE_19877,PD-1,0,3446,0.06038752696909168,0.00021166555904457974,3.4081690082372704,0.0006540037426839999,0.0008025062912775922
LYZ,IgM,2,938,0.10938744592038199,-1.717759676684574e-05,3.4061082788622516,0.0006589603867935737,0.0008081308195708399
GENE_17396,CD38,0,3446,-0.05793413605950976,-9.017507192025428e-05,-3.4036877650387463,0.0006648270210203542,0.0008148643408094499
GENE_05558,CD19,2,938,0.11547726782061048,0.0009312399319039775,3.399431225459177,0.0006752615972722715,0.000827185913673834
GENE_16690,CD3,2,938,-0.11470273819637569,-0.001298727320964706,-3.3978204076464116,0.0006792499502366957,0.0008316014927474122
GENE_11179,CD3,1,2427,0.06767721804013775,-0.00014939491667166188,3.3886096647333197,0.0007024793210526693,0.0008592000044160876
CD8A,CD16,3,171,0.26832468543883264,-0.002126423832202254,3.388568283923387,0.0007025853289456885,0.0008592000044160876
GENE_03939,CD38,1,2427,-0.06724790888816375,0.001085688450032686,-3.3860330737770297,0.000709108367598196,0.0008666880048422396
GENE_07887,CD16,3,171,0.2589349860637948,-0.001439747186111753,3.3843779082907073,0.000713397386478666,0.0008712879387874046
GENE_00723,CD4,4,932,0.11010888058529786,0.000813779995773784,3.3842706738748563,0.0007136760919924519,0.0008712879387874046
CD3G,HLA-DR,3,171,-0.2550607801151917,0.0013911139585141292,-3.383149731946839,0.000716595516305544,0.0008743595066633523
NKG7,CD25,4,932,-0.10823748979268388,-0.001017010879856227,-3.382291989952986,0.000718836941931824,0.0008766008177637945
MS4A1,CD16,2,938,0.11328510140907681,0.0011607911001846433,3.381730402396473,0.000720307992200629,0.0008779006856573469
CD3E,CD45RO,5,86,0.36372643843617036,-0.005615929793028335,3.3770689358901853,0.0007326268642365752,0.0008924128245085208
LYZ,CD3,5,86,-0.3702144959375563,0.000761748862023808,-3.3684181007504193,0.0007560085422007714,0.0009203766915444223
GENE_04125,CD38,0,3446,-0.05725045045429418,0.00022071465715647095,-3.3675787550264578,0.0007583136442170065,0.0009226646080955941
GENE_02550,CD38,1,2427,-0.0662006055662265,0.001017851644602345,-3.3659748248341725,0.0007627366921898527,0.0009275254837123518
CD3G,CD45RO,5,86,0.35775181245463294,-0.008177507800434754,3.3655355827833913,0.000763952131172404,0.0009284824835954007
FCER1A,CD45RA,2,938,-0.11055809812615544,-0.0002924844203233256,-3.3637099851328656,0.0007690230880524842,0.0009341216546018685
GENE_06523,CD8a,2,938,0.10391849533040268,-0.0018018366066707362,3.362508671360089,0.0007723770024414719,0.0009376700080059773
CD3G,HLA-DR,5,86,-0.35933703966601604,0.005209547282170255,-3.36194749956357,0.0007739483711438458,0.0009390515790978242
GENE_12604,CD4,2,938,-0.11079907940965568,-0.00022324493571443613,-3.3588748726344955,0.0007826049464070591,0.0009490234576743687
GENE_17801,CD161,1,2427,0.06675041885081354,-0.00018130043445450697,3.354747422542417,0.0007943747882024772,0.0009627573635541208
GENE_07686,CD45RA,2,938,-0.10892584613102226,0.00020812092483825785,-3.3540454423482524,0.0007963928273785077,0.0009646636427776558
GENE_05044,CD8a,2,938,0.10790522318608214,-0.0012387945311747315,3.3500573566255003,0.0008079482840505045,0.0009781139282332087
NKG7,CD45RA,2,938,-0.11095315986141381,-0.0008966575098371415,-3.3495253352711383,0.0008095015214002002,0.000979447122766183
CLEC9A,CD45RA,2,938,-0.1101085578993893,-0.0003548914207090047,-3.3453998436091186,0.0008216402793910091,0.0009935795119644624
GENE_10222,CD45RA,2,938,-0.10774580233217652,-0.0002001657592278101,-3.3447786711177026,0.0008234825642061174,0.0009952519334270253
GENE_01361,CD45RA,2,938,-0.10879773598062556,-0.0005449270816272519,-3.3352099380784535,0.0008523502404509903,0.0010295668734990502
GENE_05558,CD14,2,938,0.10784950814416067,0.001380246894000052,3.3306714224067386,0.0008663680106828938,0.001045916144373165
GENE_10890,CD3,2,938,-0.10715098605647892,-0.001540326252628482,-3.324780272613181,0.0008848824332257009,0.001067672735412079
GENE_02320,CD38,0,3446,-0.05588187845222656,0.00020251159234837502,-3.3232412137984153,0.0008897793818333842,0.001072983817714493
PF4,PD-1,0,3446,0.05746855100943506,0.00032156513982333737,3.3199038803454277,0.0009004844641369759,0.0010852891177891139
GENE_10668,CD161,1,2427,0.06481738287846886,-0.0008670156417036008,3.317620638339956,0.0009078770012993162,0.001093590584666825
GENE_14372,CD16,1,2427,0.06867786071149914,0.00030524911782919167,3.316885223531432,0.0009102700306504242,0.0010958639757885941
NCAM1,CD45RA,2,938,-0.10447372149106493,2.8459607544191147e-05,-3.3147907712171696,0.0009171174170694172,0.0011034944157631466
GENE_01420,CD4,4,932,0.11093238045215743,0.000903892698149784,3.3125466386845472,0.0009245071007055991,0.0011117685278740474
GENE_02134,CD45RA,2,938,-0.10747458288276278,-0.0009497548774644013,-3.3119271484659185,0.0009265567098199022,0.0011136153023736707
GENE_18160,CD4,2,938,-0.10771503773775579,-0.0014609791055874483,-3.311217371521293,0.0009289102112703652,0.0011158250708552557
GENE_08246,CD161,1,2427,0.06723401365499805,-0.00019172434484173717,3.30999533746613,0.0009329752531995454,0.0011196488444017792
GENE_16139,PD-1,0,3446,0.0580606670934493,7.772665002524845e-05,3.3099498696958753,0.0009331268172540901,0.0011196488444017792
GENE_07427,CD161,2,938,0.1075196420435998,0.0010005459060180918,3.3066305076696803,0.0009442535337653171,0.0011323726661147994
GENE_10844,PD-1,0,3446,0.05719146941456465,3.002414595051446e-05,3.305042640789918,0.0009496195124090399,0.0011381778116097286
KLRB1,TIGIT,4,932,0.1114972399541983,-0.0006218419272574305,3.2767775552167304,0.0010499905602488432,0.001257783053653534
GENE_00658,CD45RA,2,938,-0.11212999613710602,-0.0009785710852679246,-3.2753528429214733,0.001055300779106149,0.0012634457394049862
CD3G,IgM,5,86,-0.35333582236578004,0.0030166873832620147,-3.2748758762168313,0.0010570840841204587,0.0012648819493589366
CD8A,CD45RO,2,938,-0.1093423544723524,-0.0014208047488081506,-3.2727095284913266,0.0010652188679820815,0.0012739124099984385
CD3G,TIGIT,2,938,0.10944567806031974,6.983645915120634e-05,3.2718063869947374,0.0010686272992391458,0.0012772837051578758
GENE_01420,CD56,4,932,0.10644756933968837,-0.0007137583325617832,3.2715999680375196,0.0010694077338665039,0.0012774098552646284
GENE_14730,CD3,2,938,-0.10957682199910393,-0.001892572652595304,-3.2714667184397292,0.0010699118077089529,0.0012774098552646284
LYZ,CD4,5,86,-0.3543024547375991,0.0031610978075895914,-3.2692416705222844,0.0010783615513194008,0.0012867893621746375
LYZ,CD19,2,938,0.11191855881434946,0.001230188306581634,3.264282656389693,0.001097416241550653,0.0013088062715686656
CD14,CD45RO,3,171,-0.2419032688627991,0.002403966024124294,-3.262036284280845,0.0011061498411435243,0.0013184965378206916
GENE_12119,CD4,4,932,0.10685211512015885,9.31019589151955e-05,3.2590513393230576,0.0011178543698353162,0.0013313642550811173
CD19,CD19,3,171,0.2500583777362744,-0.002045373147837008,3.258970245070426,0.0011181739475069835,0.0013313642550811173
GENE_00820,CD161,2,938,0.1061210200420163,3.722007620733825e-05,3.255869948894281,0.001130455183627018,0.0013452478763974452
LYZ,HLA-DR,3,171,0.24744564206485958,0.0016699457086456824,3.2539877155005343,0.001137972006350281,0.0013534496914166076
CD14,CD3,5,86,-0.3618329663308137,0.005196644307444786,-3.2462850625343953,0.0011692169982756772,0.0013898481817133258
FCER1A,HLA-DR,1,2427,-0.06524177016497547,-0.0003758979516945279,-3.2450878543613215,0.0011741439304939585,0.0013945268235554483
GENE_14901,CD38,1,2427,-0.06342715002442868,0.0012243623269201876,-3.2450160626289923,0.0011744399875351608,0.0013945268235554483
GENE_15546,CD38,0,3446,-0.05482871720625793,-6.622104233029221e-05,-3.2419394138543915,0.001187192581591823,0.001408897220322826
LYZ,CD8a,4,932,-0.10631954041471266,-0.000885333253807764,-3.239130804288985,0.0011989457481297301,0.0014220664675408457
GENE_01361,CD8a,2,938,0.10577582830697813,-0.0005891676312960687,3.2388925888721136,0.001199947535386685,0.001422476099115397
GENE_11105,PD-1,0,3446,0.05588813639738414,6.7525248361771095e-06,3.2357541124065885,0.0012132184405731696,0.001437421739049786
CD8B,CD14,4,932,-0.10722043391279248,0.0026614826381595037,-3.235312006575518,0.0012150987209929346,0.0014388628023998303
GENE_04826,CD4,4,932,0.10507543970471973,0.0004876852172869116,3.2337977835127263,0.0012215591428808325,0.001445722917871526
FCER1A,CD16,3,171,0.2500253714574968,-0.0036381159534485613,3.2323189435886004,0.001227899211185531,0.0014524331826632345
FCER1A,IgM,2,938,0.10633047968658017,0.0011519162991568495,3.230946589762205,0.0012338099266559989,0.0014586285384962084
GENE_02725,CD4,4,932,0.10982864704486407,0.00136504582772629,3.229699744992245,0.0012392028458395538,0.0014642053254821773
GENE_04613,PD-1,0,3446,0.0559397965783127,8.730618349003452e-05,3.222855116307353,0.001269197329117841,0.0014988286714977446
NCAM1,CD16,3,171,0.2495540792385951,-0.00017554130881159842,3.2220924617079936,0.001272580608449321,0.0015020055438505874
GZMA,CD19,5,86,-0.34707937171202485,0.0007989431192666373,-3.2218287592930883,0.0012737523777599186,0.00150257017017188
FCER1A,CD4,4,932,0.10663603338290738,0.00026676955114850317,3.2216297762380437,0.0012746372239868162,0.0015027959000976229
GENE_03939,CD161,1,2427,0.06494947707644198,0.00012890160886258725,3.2194794519371572,0.0012842356429078803,0.0015132890909088507
CD14,HLA-DR,3,171,0.24395584983008115,0.0015902076960779773,3.2192845549678095,0.0012851088954158644,0.0015134950958511837
GENE_10670,CD161,1,2427,0.06122469058906695,-0.000562733065283923,3.2182561344928273,0.0012897259048115675,0.0015181075696505523
GENE_16867,CD38,1,2427,-0.06155079844816798,0.0011855325732057433,-3.2108222401978512,0.0013235578058897982,0.0015570845631722
CST3,CD19,2,938,0.11050140818604237,0.0014568237199563024,3.209804641567412,0.0013282521279271015,0.0015617592844373459
GENE_01376,CD3,2,938,-0.10703394323377398,-0.0004967749689091572,-3.2092418460612695,0.0013308549737252315,0.0015639711106630026
GENE_15802,CD4,2,938,-0.10229154471242506,-0.00043719985999162635,-3.2052305986734435,0.001349543136585318,0.0015850731582549508
GENE_15775,CD19,2,938,0.11047019078647248,0.001143896294317569,3.200826020302287,0.0013703424665772056,0.0016086306202994609
GENE_12873,CD4,4,932,0.10582597416068318,0.0009236736987520425,3.200430720211617,0.0013722235406423797,0.0016099666554261164
CD8B,PD-1,5,86,0.33599759283252284,2.2742071525251874e-06,3.1994329039295315,0.0013769823447700024,0.0016146757257124431
PF4,CD161,2,938,0.10249849880473182,0.00154296477663119,3.1952818481547025,0.0013969434603203319,0.0016371965811325902
GENE_04674,CD14,3,171,0.24148402606374317,-0.002131940521317116,3.1950996342675255,0.0013978257524412726,0.0016373450840758042
GENE_19032,CD38,0,3446,-0.05438961463523418,0.0002749983045796362,-3.19453042900952,0.001400585194018491,0.0016396910402150565
GENE_04573,CD8a,2,938,0.10199265391472868,-0.002206532328871175,3.1891651035566433,0.001426843593066502,0.0016695302733126945
GZMA,PD-1,5,86,0.34898557163279237,0.00019330943255902686,3.1888421409924876,0.0014284385919748654,0.001669912563418721
PF4,CD38,0,3446,-0.05502599376835392,1.596016903116009e-05,-3.188774061339455,0.001428775023205933,0.001669912563418721
GZMA,CD45RO,2,938,-0.10611223301325806,-0.0014694823293364817,-3.1886310178189596,0.0014294821435817846,0.001669912563418721
CD3E,CD8a,1,2427,-0.06470042820368298,-0.00022555272339552887,-3.1867712535150887,0.0014387051009582539,0.0016797812250951166
GENE_00820,CD45RA,2,938,-0.10334594021383847,-0.0002580223821629818,-3.185713172194497,0.001443976795347248,0.0016850283874622974
GENE_16711,CD161,1,2427,0.06494469680614944,0.00011730484437236779,3.183739465279227,0.0014538580352996082,0.001695646050858047
LYZ,CD161,4,932,-0.10425378987102878,0.0008987120787123253,-3.1834806359709105,0.0014551584601236657,0.0016962498026293618
FCER1A,CD38,0,3446,-0.05340578467666821,0.00037396639828420243,-3.1830083392520567,0.00145753416320518,0.00169810566218582
GENE_12604,CD8a,2,938,0.10286203498475968,-0.001329924265765015,3.180883655023408,0.0014682658277152354,0.0017096894404400403
CST3,IgM,2,938,0.10271938379152863,-0.00040695762169624613,3.180197354383358,0.0014717478235939632,0.0017128235949130603
GENE_09829,CD4,4,932,0.10338697014168961,0.0005103046322499652,3.178324048408637,0.0014812909459722353,0.001723004551756218
GENE_05607,CD38,0,3446,-0.05409158711535595,-0.0003319678304093402,-3.175505433528851,0.0014957572037449553,0.00173889799383869
GENE_06812,CD4,4,932,0.10539831246566711,0.0012282732251552731,3.17515758443083,0.001497551499048929,0.0017400504549270935
CD8B,CD16,0,3446,0.05187512621615323,-8.52731909422641e-05,3.1749688632304633,0.001498525801224902,0.0017402494165350284
GENE_09829,TIGIT,4,932,0.10542901152446887,-0.0006660480055249887,3.1731123909497616,0.0015081413008602351,0.0017504778783953559
CD14,CD4,5,86,-0.34773337186815756,0.0068424841178333,-3.170963333569677,0.0015193431950544095,0.0017625357086096924
GZMA,IgM,2,938,-0.10257328524079715,0.0019633131784339243,-3.1660984924457707,0.001544984712810576,0.001791322564291342
KLRB1,CD45RA,2,938,-0.10276438850673493,-0.00090429698478679,-3.1655222175291255,0.0015480483903449803,0.0017933592436846038
GENE_18936,PD-1,2,938,0.1041073899127813,0.0011678278057930573,3.1654568110066332,0.0015483964674360376,0.0017933592436846038
GENE_17396,PD-1,0,3446,0.05501852459909967,0.000520291364278755,3.164906584545557,0.0015513274892729888,0.0017957941609265849
GENE_00658,CD3,2,938,-0.10512902831428672,-0.0010327661610312281,-3.1639667026258196,0.001556346001865888,0.0018006416369692362
CD79A,IgM,3,171,0.24560833983167624,0.0025764460332140414,3.157153885505834,0.001593172451721581,0.0018422650495627888
CD3E,HLA-DR,3,171,-0.23874552032628304,0.0019710596965229685,-3.1457678364139117,0.0016565144276029446,0.0019144889411283098
CD3D,HLA-DR,3,171,-0.23531021296394625,0.001685403010033465,-3.1438559222836036,0.0016673751116989472,0.001926013788407046
GENE_19000,CD38,0,3446,-0.05397334912294428,-0.00020007471271696935,-3.143508124944008,0.001669357813205443,0.0019266752489358247
GENE_17563,PD-1,2,938,0.10338619081361732,0.0017188086680504098,3.143307169878236,0.0016705043938642996,0.0019266752489358247
GENE_01376,CD161,2,938,0.09947707459733661,-0.00031927660997696186,3.143287784148891,0.0016706150404939616,0.0019266752489358247
GENE_15775,PD-1,2,938,0.10130595561688507,0.0015593685443386026,3.1420832461614308,0.0016775033411808567,0.0019335902874143174
GENE_18631,CD4,4,932,0.10430353448327442,0.0010582781708482144,3.141545987569637,0.001680584139439338,0.0019361115524535065
GENE_04573,CD45RA,2,938,-0.1034057105356092,-0.0007401295218275118,-3.1408450048643575,0.0016846116057507958,0.001939720164538775
CD19,IgM,3,171,0.23660130420202752,0.001380858271396042,3.140223234063794,0.0016881913918483976,0.001942809743035304
GENE_18936,CD45RA,2,938,-0.10401251203578389,-0.00016756305148380384,-3.139994802068181,0.0016895083239917633,0.0019432932792410567
GENE_19228,PD-1,0,3446,0.05623176767006803,0.000557172794725712,3.1385382937193023,0.0016979274793480384,0.0019519410332876387
GENE_11527,CD161,1,2427,0.06288301016880386,0.0003627349806645632,3.136742054416964,0.001708363542172965,0.0019628970285730726
GENE_14730,CD8a,2,938,0.10156916998822924,-0.0009074758737138031,3.128422780353426,0.0017574718409864832,0.0020182519763739847
GENE_01844,CD3,2,938,-0.10568057654173348,-0.0018202952303378909,-3.1280707825632357,0.0017595780078174777,0.0020196003935066074
CD3E,IgM,3,171,-0.23277769234906998,0.003159565898691521,-3.1271675834773864,0.0017649928897128396,0.0020247430344138293
GENE_18160,CD8a,2,938,0.09992968215205185,-0.0014811272112600121,3.1230524095283716,0.0017898587296620372,0.002051196970493572
GENE_15449,PD-1,0,3446,0.05452114093975057,-0.00013973040220855852,3.1230380223720897,0.0017899462257514281,0.002051196970493572
GENE_13647,CD161,1,2427,0.06324918795732574,0.00010353745444507423,3.1202944408411035,0.001806703472948557,0.002069305721923638
GENE_07146,CD16,3,171,0.2380735008284775,-0.00258811962823583,3.118043803457845,0.0018205574344394926,0.0020840718227313156
PPBP,CD38,0,3446,-0.05471660644347478,-0.00020715976436807437,-3.117881443704962,0.001821560617259789,0.002084119248997868
GENE_18160,PD-1,2,938,0.10218870163286951,0.0018745619064420723,3.117656300776399,0.0018229525632123833,0.00208461118969986
GENE_00800,CD19,2,938,0.10530272454750375,0.0014500757419717357,3.1173081558413083,0.0018251068933682528,0.0020848819733605937
GENE_10069,PD-1,0,3446,0.054095326900552354,0.0004070127226540281,3.117307077671765,0.0018251135687425226,0.0020848819733605937
GENE_17448,CD16,3,171,0.24563946349803426,-0.000730635793399929,3.115721020055903,0.00183495780745242,0.00209502295508398
NKG7,CD14,1,2427,-0.06305047212438845,0.00023185918260602256,-3.1155571156614883,0.0018359778951008798,0.002095083780244132
GENE_00877,CD4,4,932,0.10444751178219898,0.0008665025821692247,3.1073905113345237,0.0018874688726876073,0.0021527079195337077
GENE_04803,CD4,4,932,0.09968129299277105,0.00011779162403626653,3.106271108824478,0.0018946292351765873,0.0021597377972791504
GENE_07686,CD3,2,938,-0.10596431935400044,-0.0023733138743319195,-3.1042516952338954,0.0019076097370412633,0.0021733913250096834
GENE_02550,CD161,1,2427,0.06255685582970427,-0.00013080068000565168,3.1015772127930368,0.0019249266443427933,0.0021919684909568224
CD19,CD4,3,171,-0.23703943031388197,0.001164329144844508,-3.099680488000095,0.0019372950363810825,0.0022048940881501085
CLEC9A,PD-1,0,3446,0.05438219305148086,0.00023617833219137472,3.099395320360061,0.0019391608893131577,0.002205859132357802
KLRB1,CD3,1,2427,-0.06300001003254126,-0.00017351728839882903,-3.0988924201755927,0.001942455388233667,0.002208447442970806
CD19,CD38,2,938,0.10460995685153468,0.0022266829032999325,3.0901063638710515,0.0020008482831745376,0.002273643539401795
LYZ,CD45RA,1,2427,0.06371638995426411,0.0007133932607193799,3.0881828977095607,0.0020138448706249375,0.0022872127015955133
GENE_00383,CD56,5,86,0.3384646155825993,0.0011904448276242488,3.0871741584048977,0.0020206917041057436,0.002293786758929883
CST3,CD25,3,171,-0.23527817059990797,0.0010900820987617284,-3.0866061167472436,0.0020245566904863745,0.0022969708629759023
GENE_19860,CD45RA,2,938,-0.10159815319592928,-0.0005548741592901732,-3.085474440316729,0.002032276905236085,0.002304523314310097
GENE_18936,CD19,2,938,0.10681670498727885,0.0012492949934685745,3.083425036468141,0.0020463265802837674,0.002319241474620776
GENE_08439,PD-1,2,938,0.10058140005498654,0.0007330096338875097,3.082909328749697,0.002049876017184966,0.0023220498323260957
FCER1A,CD14,5,86,0.32561460273547654,-0.0015618040747273632,3.0816494021061973,0.00205857142409721,0.0023306814399261513
CLEC9A,CD4,4,932,0.10081101076903566,0.0014110475866784896,3.0760457144557276,0.0020976568151565463,0.0023736931166810633
GENE_03881,CD45RA,2,938,-0.10197461496627198,3.588651987199677e-05,-3.074840007040765,0.0021061550332449335,0.0023820657395833876
GENE_00944,CD4,4,932,0.1024230215483125,0.0011275448868165528,3.0705992695169027,0.0021362965785425457,0.0024148955063649957
GENE_06366,CD16,3,171,0.23156819452515745,-0.0038502193129006045,3.069166123090714,0.002146571920988871,0.0024242904179753097
NCAM1,CD14,3,171,0.23250181733545186,-0.0030471753431353886,3.069128108796117,0.0021468450909527545,0.0024242904179753097
GENE_00800,CD25,2,938,-0.10287042320998427,-0.0009392414313460595,-3.0682650663729842,0.002153055479008663,0.002430037095318632
GENE_11179,CD38,1,2427,-0.06092270527789223,0.00101892844370873,-3.065458163419598,0.002173367813805546,0.0024516856077650274
GENE_11451,CD4,4,932,0.10334382199559551,0.00038739397633738527,3.0634483659800966,0.002188019601770586,0.002466929488572768
KLRB1,CD25,4,932,-0.09835145881572159,-0.0013371882440072092,-3.0621765508792413,0.0021973380815985587,0.0024761474897681108
GENE_15546,PD-1,0,3446,0.05398608585144267,4.552229644718824e-05,3.060259807273976,0.0022114506326231867,0.002490755468240356
GENE_07686,CD8a,2,938,0.09804041207566543,-0.0016503727987926186,3.058547837770523,0.0022241256578120934,0.0025037300262227566
GENE_02136,CD161,1,2427,0.0615245769609406,-3.277640579179144e-05,3.0564690998543753,0.0022396056343029504,0.0025198470454488543
CST3,CD4,5,86,-0.3316282904240679,0.0032819771802391016,-3.055093258056836,0.0022499055018672053,0.0025301220667079574
CD3D,TIGIT,2,938,0.1001962617155686,1.2166903090271762e-05,3.049608068725587,0.002291401777424027,0.0025754500268038725
MS4A1,CD3,3,171,-0.22885698595665802,-0.0009909109694793646,-3.047800802561982,0.0023052268111075254,0.0025896456711612275
NKG7,CD19,2,938,0.10485535473967997,0.0015425929341013928,3.0408024732306185,0.002359485656106601,0.0026492256045507795
GENE_05911,CD16,3,171,0.23174345128294044,-0.0036633836052164252,3.039993920649914,0.002365829240597074,0.0026549725346317237
GENE_18429,CD16,3,171,0.22578878447875833,-0.0040437362483374635,3.033130578536075,0.002420308464987139,0.00271470416336808
CD3D,IgM,3,171,-0.22639376534345013,0.0002533723197117382,-3.032340720336873,0.002426651260065773,0.0027204103882889443
GENE_19000,PD-1,0,3446,0.05293377865017641,0.00013600734886597254,3.0300071975257308,0.0024454791082708957,0.002740099910870233
GENE_14297,TIGIT,4,932,0.09800035018464336,-0.0015459498560362625,3.0282878625241065,0.0024594368615309986,0.0027543150795543534
CST3,CD45RO,3,171,-0.2285009954274299,0.001397073969946922,-3.0267160004998277,0.002472261160312707,0.002766544102074356
CD3E,CD45RA,1,2427,0.06193545934187384,-1.8203674184212002e-06,3.0266366737756414,0.00247290997956531,0.002766544102074356
GENE_15999,CD14,5,86,0.3167588324022958,-0.0010772028072700986,3.0219715401503473,0.0025113415829528143,0.002808089375778508
MS4A1,CD45RO,5,86,-0.3285575690533868,-0.00119285340286815,-3.0213421768284894,0.00251656792912079,0.0028124820538446373
GENE_10754,CD161,2,938,0.09809783671202851,-0.0007395855068644382,3.01922143304495,0.0025342522996092244,0.0028307859449758707
GENE_01061,CD161,1,2427,0.06074476774219622,-0.00026330217151379495,3.018264178546403,0.0025422717844310197,0.0028382807608768774
KLRB1,TIGIT,1,2427,0.061124058944644004,0.0009317927821970347,3.0172125835385972,0.00255110836420414,0.0028466796216428275
CD79A,CD4,3,171,-0.23456381490258482,0.0012312526658125845,-3.0157039638676126,0.0025638343947293886,0.0028594076857326738
GENE_18936,CD3,2,938,-0.0998377866959876,-0.001423287866368646,-3.0138554653773744,0.0025795066253622473,0.002875406819526744
NCAM1,CD45RO,3,171,-0.22907600039390807,-0.0010209978795800176,-3.01340732828785,0.002583319261333939,0.0028781762669977612
GENE_16690,IgM,2,938,0.10223907360092127,0.002115945941017798,3.011990889211393,0.0025954038704733,0.002890154258641131
GZMA,CD16,0,3446,0.04805343080821486,-0.0001728074798346031,3.007961767495738,0.002630062233204403,0.0029272444064478388
GENE_12604,IgM,2,938,0.10269546303409222,0.002508787036341999,3.007244196840829,0.002636278952898851,0.0029326573362072946
CD3E,TIGIT,2,938,0.10008719236096514,0.00025682461230844365,3.006355290596048,0.002643998674730259,0.002939735827675973
CD19,CD45RO,3,171,-0.22611988719185508,0.000867819796487566,-3.0053877241293945,0.0026524250046969858,0.002947592300091471
CD8A,IgM,2,938,-0.09735287455329662,0.0015871758391722798,-3.004563723244154,0.0026596203974715584,0.002954073501445857
GENE_07293,TIGIT,4,932,0.09787082485264033,-0.001756042708982502,3.004351045119086,0.0026614804531997294,0.002954625072788839
KLRB1,CD4,4,932,0.09946962452027695,-0.0003519635951593472,3.003425052566191,0.0026695929316154243,0.0029621136112701614
CD3E,HLA-DR,5,86,-0.3133197496114623,0.006398941371473097,-2.999514300158886,0.0027041042972304817,0.0029988710399685026
GENE_10222,CD3,2,938,-0.10012515672789615,-0.001428872602180642,-2.998116092878016,0.0027165417112366454,0.003011123216496067
GENE_07285,PD-1,0,3446,0.05178969825221611,-0.00019003628080143975,2.9977850331693827,0.002719494215291328,0.0030128547875952496
GENE_19032,PD-1,0,3446,0.05248937269349279,0.0005000540317086717,2.99668718414102,0.002729306204420126,0.0030221801456200375
GENE_00509,CD161,1,2427,0.05986579219880333,-0.0001965582819099656,2.989150293272354,0.002797544861100523,0.0030961592002067585
GENE_13647,CD3,1,2427,0.0629657487564504,0.00043698265340632816,2.98688779971082,0.002818331371900297,0.003117572273051528
NKG7,CD3,4,932,0.09921966259765065,-0.000570460565292193,2.9822805449496252,0.002861096874459135,0.0031622351258024147
GENE_15775,CD3,2,938,-0.10222816114881857,-0.0015370288808407104,-2.9822239582190657,0.002861625787585849,0.0031622351258024147
CLEC9A,CD161,1,2427,0.06056067735983921,-0.00016962295996373404,2.9817171434761263,0.0028663669393150485,0.003165859917174164
GENE_15999,CD56,5,86,0.3269725961601717,-0.002272137649279786,2.98082900263046,0.002874692619021455,0.003173438056759803
GENE_01610,TIGIT,4,932,0.09744335695220668,-0.0012858320751926253,2.979398399165959,0.002888149924564833,0.0031866705124908314
MS4A1,IgM,3,171,0.22849928063186134,0.0029220467841264636,2.976830182267889,0.0029124528217459203,0.0032118500074928293
GENE_07427,CD19,2,938,0.09915330510138974,0.0003581160955857111,2.976312621129662,0.0029173730146606195,0.0032156395334534908
CD14,CD45RO,4,932,-0.09940325152158311,0.000621313006651228,-2.9760726941118967,0.0029196564523889888,0.0032165203519709906
CST3,CD3,3,171,-0.23082607305922054,-0.0031978267899964922,-2.975327293288108,0.0029267610043163987,0.003222708890423596
NCAM1,CD3,1,2427,-0.060142798687665505,-0.0003107793970923293,-2.974632935733549,0.0029333932436198047,0.003228371335156992
GENE_03881,CD161,2,938,0.09458269842498819,-0.0002588060324355275,2.9708756498815556,0.0029695199124915635,0.0032664719037407202
CST3,CD3,5,86,-0.33101484556571775,0.0009116734356403139,-2.9701713204612084,0.002976337121109023,0.003272309762274608
CD3D,HLA-DR,5,86,-0.3166625838032333,0.0035257516683673802,-2.967184844053164,0.0030054021671569713,0.003302589501130404
NCAM1,CD3,4,932,0.09872388324224605,-7.35762472836806e-05,2.9636493017815826,0.003040145422617539,0.0033390750789722284
GENE_17563,CD161,2,938,0.09396127778855788,0.001118756700801764,2.962450133298189,0.0030520124169876265,0.0033504107941297804
GENE_14730,IgM,2,938,0.10147369300570848,0.0023131044040219607,2.9598336709532678,0.0030780517607345496,0.003377285147094567
GENE_13647,CD38,1,2427,-0.05864870654956548,0.0007021565652425986,-2.9587908817897492,0.003088486063429139,0.0033870188762403566
GENE_07427,CD8a,2,938,0.09355453250044014,-0.0010820081559199607,2.9532254812456125,0.003144721701530196,0.0034462656213490993
GENE_18936,CD8a,2,938,0.09390013876435416,-0.000912255337746411,2.9531303064241987,0.003145691462403562,0.0034462656213490993
GENE_10754,CD19,2,938,0.10272754110393903,0.0011741277511952176,2.9524132689242726,0.0031530063110108393,0.003452533944396407
GENE_15775,CD45RA,2,938,-0.098024592012439,-0.0009094860089217987,-2.9508392550964895,0.0031691179972530782,0.0034684235858825356
LYZ,CD25,3,171,-0.2246773542021916,0.0011019243979142022,-2.94926609476687,0.0031852958933663938,0.0034843696117743436
GENE_02691,CD56,5,86,0.33141097244899065,0.0012551254945589636,2.9460064437615534,0.0032190569402336987,0.0035195239099326064
LYZ,CD3,3,171,-0.22263926295906805,-0.0015501916442065289,-2.9427312003546753,0.00325330759436146,0.0035551777897031185
GENE_08030,TIGIT,4,932,0.095877126911875,-0.0009023642864696838,2.9424937126952857,0.0032558039708911386,0.0035561125024803917
GENE_04573,CD161,2,938,0.09497872867810037,0.0007091485586061062,2.9403035338023877,0.0032789086637747657,0.0035795441180856004
GENE_15802,PD-1,2,938,0.09601464247335595,0.00243605967698932,2.9342624912072965,0.0033434132541034865,0.003648125136778578
GENE_07293,CD4,4,932,0.09744839297708087,-0.00022623261850391956,2.9336952883827587,0.0033495286508105895,0.0036529585235563905
GENE_01376,CD25,2,938,-0.0968072942437461,-0.0005154303246618679,-2.9278729335233433,0.0034128949200423983,0.003720192802682031
GENE_01041,TIGIT,4,932,0.09497448187222164,-0.0011846534655881097,2.927655459177406,0.0034152827571048987,0.0037209239490428934
MS4A1,HLA-DR,0,3446,-0.0499356930258664,-0.00036177310614901375,-2.9257587679921837,0.0034361727175605365,0.003741323053079764
GENE_19667,TIGIT,4,932,0.09517794615807153,-0.0007784327972328588,2.9256423013224193,0.0034374592518144026,0.003741323053079764
CD14,CD3,3,171,-0.22499168216804064,-0.002301394592068045,-2.9219241652659553,0.0034787623105829108,0.0037843764693941606
CLEC9A,CD38,1,2427,-0.05770719461435473,0.0009326517167398543,-2.919427299979712,0.003506751786361846,0.0038129107481415557
GENE_05044,PD-1,2,938,0.09410696667808081,0.0016227472796796517,2.919065652485793,0.0035108227456032873,0.003815422713000162
GENE_08439,CD3,2,938,-0.09656070863129196,-0.0008322157181665048,-2.9183258907468983,0.00351916342332829,0.0038225699941616064
CD14,CD8a,4,932,-0.09456962750189123,-9.33572391423989e-05,-2.914442685406376,0.0035632423103442576,0.0038685100633847726
GENE_16867,CD161,1,2427,0.05885113587382138,0.00014781463029697744,2.9082223191169434,0.00363489826823683,0.003944328766784783
GENE_02320,PD-1,0,3446,0.051046230242217265,0.0002297815843544505,2.9061208170157338,0.0036594012400765316,0.003968930173796719
GENE_10288,CD8a,2,938,0.09261960403634402,-0.0015452324848415568,2.9048704310493165,0.0036740515908284485,0.003982826311818534
GENE_01202,IgM,2,938,0.09800287725898249,0.0019178575547245536,2.9026241705985933,0.0037005042875054217,0.004009496395512125
GENE_03621,CD14,2,938,0.09716998886436538,0.0006902687767777906,2.900934959415819,0.003720510926152516,0.00402915900898176
NKG7,CD14,3,171,0.22097268578248216,-0.0035873188799445976,2.8977462032779617,0.0037585460511997213,0.004068316330144753
GENE_12283,CD56,5,86,0.3148297104558695,-0.0006149439589401388,2.896950169194495,0.0037680960171570166,0.004076617108926238
GENE_09438,PD-1,0,3446,0.050094150335805734,0.00013683537474707636,2.896397747341103,0.003774736340859281,0.004081763298723584
GENE_07495,CD14,3,171,0.22524891046931136,-0.0034678311920440406,2.893267158817873,0.003812568536922694,0.004120616468584278
GENE_12604,PD-1,2,938,0.09360662231261194,0.0006397683098623225,2.891444996588692,0.0038347471165000287,0.004142520937914039
GENE_05044,CD3,2,938,-0.09649711189354535,-0.0017695352765211378,-2.8845878846179773,0.003919263481543438,0.004231710993774106
GENE_05821,CD45RA,2,938,-0.09404125283590464,-0.0009937961146799631,-2.884068867004027,0.003925728924077285,0.004236580965376234
GENE_08103,CD56,5,86,0.313244654431906,-0.0007433306411494979,2.8799435385947243,0.003977463940964294,0.004290275938312407
GENE_07495,CD16,3,171,0.21809378832994236,-0.0029214264068279957,2.8793635112142946,0.0039847873933039875,0.004296036955865543
CD3E,CD45RA,2,938,-0.09116005523134775,0.0005711402654838417,-2.8782605835345967,0.003998746792583672,0.00430894296346535
GENE_03881,CD19,2,938,0.09853783907352438,0.001323035946837004,2.87668892121461,0.004018715532809025,0.00432830842922324
GENE_07293,CD16,4,932,0.09520997960907761,0.0015523381785698086,2.8764804036879235,0.004021371641354915,0.0043290175592727775
GENE_16139,CD45RO,0,3446,0.04896569703123857,-0.00033990481934016015,2.87176885505243,0.004081814056786396,0.0043919022150229
CD3G,IgM,3,171,-0.2142709281990185,0.0044211099245574145,-2.871151118357666,0.00408979957630484,0.0043983105120856516
PF4,CD16,3,171,0.21954597613728152,-0.0047068167269164575,2.8699636827197907,0.004105189461876353,0.0044126714106577656
GENE_01844,CD8a,2,938,0.09245621031653944,-0.0009083842182405647,2.8664843313428716,0.004150587050280573,0.004459257381238473
GENE_15775,CD8a,2,938,0.0926781141890944,-0.001927245091046303,2.8638482791487574,0.004185284266246661,0.004494306741802038
GENE_15802,CD45RA,2,938,-0.09360653128392687,0.0002468330675068545,-2.863470689031464,0.0041902758095003646,0.0044974381769129716
GZMA,HLA-DR,5,86,-0.3014626864794004,0.0013577427950496506,-2.862433872856822,0.004204009761486833,0.004509945125317805
CD14,CD45RA,1,2427,0.06131764012367828,0.0008636601683047047,2.859772621873933,0.004239448532861286,0.004545712504062547
GENE_02134,PD-1,2,938,0.09112269570404978,0.0009032810198889282,2.8590351931901137,0.00424931639117476,0.004554039871254058
MS4A1,CD25,2,938,-0.09637690680406695,-0.0006628368470219224,-2.8579515035167593,0.004263855522823548,0.004567362786929624
GENE_04161,PD-1,0,3446,0.04855004507635826,-0.00039082374309842594,2.854093676835165,0.0043159802703081765,0.004620913658971254
CD3E,CD14,3,171,-0.21947518417947282,-0.0029788137937738,-2.8449127280448385,0.004442359258333226,0.0047538728458311605
GENE_00617,CD161,1,2427,0.055811970642691826,-0.0006489407475644421,2.8436385051561217,0.004460161938339829,0.00477056807521343
CD3D,CD45RO,5,86,0.30774530203155276,-0.006488327452398845,2.8417149859157846,0.004487158673105051,0.0047970758976905005
GENE_14730,CD14,2,938,0.09274688126501815,0.0005205126204351976,2.837993412047359,0.004539811963344804,0.004850972645250587
CD19,HLA-DR,0,3446,-0.048627039915217926,-0.0005857561306929475,-2.837505122327764,0.004546761723737383,0.004856004265815135
FCER1A,CD14,3,171,0.21738095614414882,-0.00152166429224307,2.8332379050651797,0.004607907780578891,0.0049188848081352
GENE_17448,CD14,3,171,0.215676492794031,-0.001238298206780859,2.8329232683966086,0.004612445635476513,0.004921304624361204
GENE_14730,CD16,3,171,0.21903312504972958,-0.002914883330452195,2.829654162643997,0.004659834422150086,0.004969419878346081
CD79A,CD19,3,171,0.21600862890607408,-0.0010715950012360606,2.8258380180495575,0.004715710416026895,0.005026534417870281
PPBP,PD-1,0,3446,0.04914069514639719,0.0008101275356935535,2.825637032351466,0.004718669992368343,0.005027216260305899
GENE_13759,CD14,3,171,0.2149476631132003,-0.004188888362028616,2.8234429471733535,0.004751088109376344,0.005059266797552106
GENE_00483,CD161,1,2427,0.055664829552450584,-0.00043058527075620135,2.822266621315431,0.004768551481444443,0.005075368890122843
LYZ,CD4,3,171,-0.22063477981653784,0.0010402655362185284,-2.821313319075668,0.004782746507025347,0.00508797824286889
GENE_03881,PD-1,2,938,0.09099691680374147,0.0012472917445363835,2.8128942081838484,0.004909780134094204,0.005220556207351394
GENE_19860,CD8a,2,938,0.09164655505932025,-0.0009363307787397702,2.8112244091353302,0.004935335038208831,0.005245154991563775
CD79A,HLA-DR,0,3446,-0.04838992209115929,-0.0006592698493546008,-2.808300790530203,0.004980368488145316,0.005290420840103382
GENE_10890,CD8a,2,938,0.09144381889356379,-0.0009811256196629577,2.8053513317300265,0.005026176171997404,0.005336464362919341
GENE_11527,CD56,1,2427,0.05571724066567886,8.38658404694437e-05,2.8043536719716338,0.005041756708081216,0.005350385301866795
CD19,CD3,3,171,-0.2123459224424587,-0.0009978928371968327,-2.799531013548288,0.005117690016593276,0.005428308500223998
PPBP,CD161,2,938,0.08977537769785378,0.00046930426860785176,2.7992457733518803,0.005122213365380109,0.00543044831838488
GENE_01041,CD16,4,932,0.09031335824666066,0.00091438784295332,2.7984729569756626,0.005134486877055152,0.005439046545862313
NKG7,TIGIT,1,2427,0.056988960053846884,0.0007100542140694777,2.7984190848573793,0.005135343439240559,0.005439046545862313
GENE_19896,CD45RO,3,171,-0.21507474776328167,-0.0002224185586008195,-2.796275693496644,0.005169528145122285,0.005472578158514895
GENE_00658,CD161,2,938,0.08924713801635366,0.0008192505811005969,2.79557385742432,0.005180766258414408,0.00548179711034376
CD8B,CD16,4,932,0.09038127597094615,0.0016969734477520096,2.7943689251625083,0.005200111667803193,0.00549958125140533
GENE_14730,CD19,2,938,0.09770523538263465,0.0019332254796828028,2.793453621164735,0.005214850638178185,0.005512478698991281
CD8A,CD4,5,86,-0.30661949116150594,0.0036160604556836036,-2.7890057826984473,0.005287012100455126,0.005586033750212705
LYZ,CD45RO,3,171,-0.21040951521101997,0.0012326178990964792,-2.7884912109355646,0.005295418427645386,0.0055921889535611845
GENE_15802,CD3,2,938,-0.09511051245064346,-0.002159527982433908,-2.7862695075539023,0.005331852153339588,0.005627921878366725
GENE_12715,CD14,5,86,0.2957177238844535,-0.0011291023203392368,2.7859853531178875,0.005336528295850377,0.005630115295573402
GENE_08530,TIGIT,4,932,0.09071237930797597,-0.0005490708513923949,2.7852804107229567,0.005348145064192621,0.005639625476450322
CD3G,CD19,3,171,-0.21342128962424206,0.0026009320859446423,-2.784102527166751,0.00536760641054161,0.0056573944998266875
GENE_09573,CD161,1,2427,0.055620062680890474,0.00017440381782033563,2.78322947233944,0.005382072525566689,0.005669883890570255
GENE_17046,CD16,0,3446,0.04760129446462124,8.345623604736724e-05,2.781189683405475,0.005416008185131489,0.005702861874237093
CD8B,CD19,5,86,-0.2932594841447035,-1.7127327725410527e-05,-2.7803925606713626,0.0054293222083282395,0.005714104529114763
GENE_10222,IgM,2,938,0.09419529385571708,0.001822954535763974,2.7770681978576386,0.005485166861297167,0.005770076013801437
GENE_17934,CD4,4,932,0.09323149883545893,0.0010917147402056116,2.776774901476398,0.005490118634141019,0.005772482814256956
GENE_15775,IgM,2,938,0.09276635142218523,0.0018872045332533598,2.775614212305649,0.0055097543497981735,0.005789502386181963
CLEC9A,HLA-DR,1,2427,-0.05715642878248981,-0.0003412468267689572,-2.775502413908581,0.005511649018317208,0.005789502386181963
CD3G,CD14,3,171,-0.21169681133052212,-0.0026704500421568206,-2.773231282615705,0.005550265830698159,0.005827241305776604
FCER1A,CD19,2,938,0.09430904958719853,0.00023111487534494224,2.772855214277315,0.00555668375748925,0.0058311543353410196
NKG7,CD56,5,86,0.30241103408317604,0.0013285789457103817,2.7717622895967082,0.005575373477621798,0.0058479352981638125
GENE_05636,CD161,1,2427,0.05502396022345423,-0.0006752992254919545,2.7692708272032984,0.005618191303032757,0.005889995429933229
FCER1A,CD161,1,2427,0.05533535213166708,-0.0008471062700046491,2.768967116855913,0.0056234310498240936,0.0058915284504296745
CD79A,CD45RO,5,86,-0.3040187091115801,-0.002105861746740409,-2.7688709502993043,0.0056250910770369155,0.0058915284504296745
GENE_08030,CD14,5,86,0.29024649561369026,-0.0035610863497251557,2.768524671050064,0.00563107221249286,0.005894943712305327
GENE_09688,PD-1,0,3446,0.048517837109115086,0.0005429177050873018,2.762901265848868,0.005729009364168305,0.005994574259851625
GENE_05044,CD19,2,938,0.09360105544551543,0.0018663271008533373,2.7572109902957154,0.005829672194056666,0.0060969592878961365
CD3G,CD45RA,2,938,-0.08703111355615965,0.0012711488909812664,-2.7537665033318013,0.005891378309390136,0.006158522333067257
GENE_04803,TIGIT,4,932,0.09086547874380489,-0.0010411690407727187,2.752139047557209,0.005920737571805794,0.006186228697253209
CD79A,CD25,2,938,-0.09171112036484233,-0.00014198424765449658,-2.750295512545435,0.005954154129820837,0.006218145541841809
GENE_14594,CD16,4,932,0.08955903330311116,0.0027775160385156684,2.7467331987197996,0.006019207765579793,0.006283055504822452
MS4A1,CD38,2,938,0.09055989975234287,0.0023000518579475897,2.7450434537399255,0.006050288587559738,0.006312458049707247
CST3,CD45RO,4,932,-0.08916091659551466,0.0004629178988712617,-2.7448564994509685,0.006053736254016209,0.006313015621969743
NCAM1,CD14,1,2427,-0.054325083035129965,0.0002764749161503102,-2.743382797930141,0.006080975136927632,0.006338370909919277
NCAM1,TIGIT,4,932,0.09356885876079504,-0.0003032501289548151,2.7314829380550294,0.006305000553195027,0.006566268559433302
GENE_07154,PD-1,0,3446,0.04733874636034251,0.0005035277265070248,2.73144751870344,0.00630567829819137,0.006566268559433302
GENE_10288,CD45RA,2,938,-0.08877212414031022,-0.0003716945163183934,-2.7288257680568555,0.006356027612936636,0.006615519614425403
GENE_07686,CD19,2,938,0.09417460255508488,0.0009205101600459306,2.726696540956396,0.006397184189564576,0.0066551599322066425
CD3D,CD25,5,86,0.2937513032300689,0.001033791327509479,2.721819405566453,0.0064923611190959955,0.006750934042745212
CD3G,CD19,5,86,-0.2934368798785192,0.0036323311297304004,-2.721346564685205,0.006501655970767754,0.006755711792872223
GENE_00658,CD8a,2,938,0.08576176811057795,-0.0013106991228589214,2.7212685365876683,0.006503190955206026,0.006755711792872223
CD3E,CD25,3,171,0.20812755068811414,-0.0002462638075326455,2.718839464578628,0.006551139474063449,0.006802261255532101
GENE_04803,CD16,4,932,0.08781303154394574,0.0016937313592813618,2.7161051771627216,0.006605492966360091,0.006855413437788466
GENE_17934,TIGIT,4,932,0.08634449828116313,-0.00026805616566663446,2.715708978779251,0.006613402336222099,0.0068603364588766345
GENE_17563,CD3,2,938,-0.09183167581769898,-0.0016978219395441987,-2.714209988944635,0.0066434040186482855,0.006888161008809012
GENE_19860,CD3,2,938,-0.0915652035931986,-0.001872240260505893,-2.713217495153586,0.006663335660830757,0.006905522896709828
GENE_11619,CD14,3,171,0.2068261542748101,-0.0013519075950544455,2.71185713840577,0.006690742211190095,0.006930611076314023
GENE_01202,CD3,2,938,-0.09095909291593268,-0.0014271803636538003,-2.7115593150396373,0.006696755840814298,0.006933525994765688
GENE_02017,CD45RO,0,3446,0.0455348811510608,6.265924940565123e-05,2.706833660827961,0.006792828332587961,0.0070296365791395
GENE_12604,CD45RA,2,938,-0.09049361602557578,-0.0011406558858596324,-2.7048786142460557,0.006832935306604167,0.0070677664961390115
GENE_17563,CD19,2,938,0.09130725166800073,0.0008960506777279578,2.7041516953655655,0.006847901929256202,0.007079868072852191
GENE_10609,CD45RO,0,3446,0.045728998822895085,-0.0004975965116605799,2.703089546639758,0.006869823605889963,0.007099145328547234
GENE_00820,CD3,2,938,-0.09120813763719925,-0.001990903914679591,-2.7027298088011786,0.006877262512361397,0.007103445121204551
GENE_18238,CD56,5,86,0.29094739030739575,-0.0008529265506935186,2.700724504733741,0.006918862333630256,0.007143008421618278
GENE_18390,CD14,3,171,0.20561805402936287,-0.0015037220870884333,2.6986650542652524,0.006961820564597273,0.007183935792134424
GENE_05821,PD-1,2,938,0.08832447798460376,0.0016139135854661927,2.697621518769522,0.006983679069298385,0.007203061657862732
GENE_01161,CD45RO,0,3446,0.0445883682343919,-0.0006962979384941333,2.695042824783178,0.007037958488630186,0.007255592790133974
GENE_05607,PD-1,0,3446,0.04790592926460589,0.00029939609732879645,2.6934357205963138,0.00707197805662918,0.007287197550506626
PPBP,CD16,3,171,0.20438266494246307,-0.004294828014386711,2.6922407725743875,0.007097368632469659,0.007309884898555965
GENE_17512,CD16,3,171,0.20765974158979933,-0.0030968247160293623,2.6890998632698433,0.007164498257804967,0.007375519109103735
FCER1A,CD56,5,86,0.2952366190401539,-0.0013080091425804567,2.6882738866959732,0.0071822459711281435,0.007390278736673641
GENE_13539,CD56,5,86,0.2923072754902031,0.0020466416935846373,2.6839910020560627,0.00727490641646861,0.007482070339101793
NCAM1,CD25,4,932,-0.08698001817418617,-0.00046989825376931075,-2.680597445164832,0.007349086399966184,0.007554777148352334
GENE_01610,CD4,4,932,0.08942295270605027,0.0012356912865310247,2.6799764622816924,0.007362733720271597,0.007565217625333595
GENE_08466,CD25,3,171,-0.20503434117082847,7.989922304784613e-05,-2.678114175142397,0.007403797574945662,0.007603805376733295
GENE_09529,CD4,4,932,0.08663464134720086,0.0006623898456389959,2.6768348791112087,0.00743212525375022,0.007626566322132337
CLEC9A,IgM,2,938,0.08917455508351742,0.002346290773411066,2.6767955055702424,0.00743299864898177,0.007626566322132337
GENE_12604,CD3,2,938,-0.09084177701718471,-0.0013949650027434925,-2.6748749033372086,0.007475713926874366,0.007666763880519048
GENE_07686,PD-1,2,938,0.08570870040295228,0.001840726654420308,2.6727064020970395,0.007524207106417468,0.0077128461682150675
GENE_05636,CD38,1,2427,-0.0520259621722649,0.0010080450668493604,-2.672154346823419,0.007536597418044423,0.007721894375840315
GENE_11105,CD45RO,0,3446,0.046666629909847386,-0.00020973579639598593,2.6709971792260467,0.007562628233155412,0.007744903299266436
GENE_13579,CD161,1,2427,0.054085506370895146,-0.0006383757075675055,2.6698131015247824,0.007589347813369876,0.007768595517984186
GENE_04062,CD56,5,86,0.2940863255447722,0.0018562092985649553,2.669002232859096,0.007607694450006551,0.0077836987125421125
GENE_06326,CD16,3,171,0.2072492333619221,-0.002130804213196527,2.6621583477802564,0.007764134405252509,0.00794000908739131
GENE_11013,CD16,3,171,0.2001128483077223,-0.0025661838531278055,2.661357864763082,0.0077826191543428165,0.007955158352575889
GENE_01844,CD14,2,938,0.08409985306901949,0.0010174957743989915,2.659456730221915,0.007826678266140486,0.007996422349234528
GENE_05821,CD161,2,938,0.0840861820360821,-4.6459990594601305e-05,2.65831285179599,0.007853295388530808,0.008019835582915297
CD79A,CD3,3,171,-0.20235931981263877,-0.0004019302001719279,-2.6541165833698988,0.007951634882538495,0.00811643560549266
GENE_17046,PD-1,0,3446,0.0470324980804761,0.0001232848642641508,2.6536799146856556,0.007961931294540132,0.008123119169147113
GENE_00800,CD3,2,938,-0.0885324179197156,-0.0015037028191869696,-2.6511008456837875,0.008022988225073132,0.008181560227639283
GENE_11354,CD45RO,0,3446,0.04560680381642849,-4.6639866421912255e-06,2.6485736388672123,0.008083223701689258,0.008239109012963604
GENE_19860,PD-1,2,938,0.08441568468963051,0.0015819102546917316,2.6470963059050634,0.008118622853581158,0.00826761794648162
GENE_03621,IgM,2,938,0.09062117421745293,0.0009378960060437791,2.647087939711852,0.008118823714865199,0.00826761794648162
CD14,CD25,3,171,-0.19999340659808962,0.0011818905250379746,-2.6456032539059113,0.008154539585307314,0.008300087966820548
GENE_01844,CD45RA,2,938,-0.08968498679178452,-0.0005157808216485566,-2.6430260961918384,0.008216870197014142,0.008359604561938802
GENE_16690,CD19,2,938,0.0896741041387212,0.00010410730319178999,2.6423918183363555,0.008232275942872997,0.008371347709153348
GENE_04573,CD25,2,938,-0.0857202206831294,0.0001314416546724992,-2.6397085771300857,0.00829773455810658,0.008433954403103638
LYZ,CD45RO,4,932,-0.0845500587230174,0.0012149589855942572,-2.6381295765351203,0.008336472119614809,0.008469355407034829
GENE_00723,TIGIT,4,932,0.08543213631942727,-0.0009053572400905088,2.636022332162415,0.008388421061163907,0.008518138912625204
GENE_18390,CD25,3,171,-0.2036314583539068,-0.0007381601353631587,-2.6355266991850024,0.008400681659673769,0.008526593515931175
GENE_01202,CD8a,2,938,0.08509902530857627,-0.001512861281471191,2.6342794635617093,0.008431605789768785,0.008553974600388089
CLEC9A,HLA-DR,2,938,0.08631639624515736,0.000773036320200692,2.6339057714503356,0.008440890963911112,0.008559387327466252
GENE_11395,CD4,4,932,0.086303572201673,0.0006733731632898512,2.6321642686998916,0.008484283018821542,0.008599364500367766
GENE_10754,PD-1,2,938,0.08716314687335244,0.002034440064757983,2.6301129443315947,0.008535650504570634,0.008647384125013821
GENE_02725,CD38,4,932,-0.08889973177750272,-8.687802562938721e-05,-2.628920860552866,0.00856562921737954,0.008673700240215637
CD8A,CD19,5,86,-0.2805944848026879,0.001363576339333208,-2.6278367021623428,0.00859297550313934,0.00869732737753524
GENE_19000,CD45RO,0,3446,0.046279241285725754,2.332266586859486e-06,2.6272896736925895,0.008606803086836833,0.008707255970670128
GENE_05044,CD45RA,2,938,-0.08632596706231938,0.0002202506711293346,-2.6221625953410337,0.008737373508511085,0.008835225568335756
GENE_00617,CD4,1,2427,-0.05222852807326334,0.0009113667561188236,-2.61958130108559,0.00880377845797404,0.008898221976879546
GENE_07427,PD-1,2,938,0.0846144344686161,0.0023704650736153907,2.618446624777844,0.008833110913217737,0.008923706922584073
GENE_16772,CD56,5,86,0.2897178994396889,0.00010832445880069834,2.617770665203727,0.008850626577685188,0.008936099679941023
CD19,CD3,5,86,-0.29311236455249995,-0.0012028925156214129,-2.6176550594093526,0.008853625294339354,0.008936099679941023
CD3D,CD19,3,171,-0.19880078012971292,0.0016431224874809264,-2.6133659317926528,0.008965525134481126,0.00904482912775633
GENE_05821,CD25,2,938,-0.08958579257887106,0.00014927467485341143,-2.6111218212345007,0.009024574002227516,0.009100163733283866
GENE_04650,CD56,5,86,0.2889779995883528,0.0002297210362935876,2.60992604615313,0.00905617982116935,0.009127786824406504
GENE_04573,CD3,2,938,-0.08940659892931908,-0.001782554467426449,-2.6093390690728535,0.009071730487078202,0.009139209653881203
GENE_19896,CD25,3,171,-0.19668401127392077,-0.0013446219953912135,-2.607101232107743,0.009131235985513369,0.00919488307649046
NKG7,CD38,1,2427,-0.05307612304335343,0.000757489028452501,-2.6068260832950463,0.009138576368341852,0.009198000459914906
GENE_10890,CD14,2,938,0.08223588763803708,0.0005049777596460299,2.597849245475479,0.009380966933720874,0.00943758372579997
CLEC9A,CD14,5,86,0.27591420161854724,0.001525495523236419,2.597170814715983,0.009399516789309361,0.009451857486047974
GENE_04674,CD45RO,3,171,-0.19293802074456406,-0.001788642166605876,-2.5946896452706874,0.009467636630090212,0.00951594089861108
GENE_08466,CD16,3,171,0.20233478356259266,-0.001528432141680999,2.594193426528296,0.009481312898623445,0.009525268915770518
LYZ,CD8a,5,86,-0.26918341583937033,0.0009759196514369943,-2.5928757973045977,0.009517713581255917,0.009557407474782936
GENE_01361,CD19,2,938,0.088307853140122,0.0012933012880167582,2.592673902551044,0.009523302101210435,0.00955858992743076
GENE_10754,CD45RA,2,938,-0.0871979300277299,-0.00029067956270940063,-2.5920458766246055,0.00954070479992174,0.009571623750662228
GENE_09571,PD-1,1,2427,0.05301343638909587,0.0003040806433896048,2.590970729663553,0.009570563131603203,0.009597135727063461
GENE_01621,CD38,4,932,-0.08577267091772636,-0.0011193981540884666,-2.5888668708402642,0.009629231368802761,0.009651500636538198
FCER1A,CD38,1,2427,-0.0505021735696915,0.0014291300087899638,-2.5883942628634293,0.00964245454202845,0.009660286173174134
NKG7,CD38,4,932,-0.08768664465519288,-0.0014764442067639301,-2.5863987679696714,0.009698465457663766,0.009711910650072727
GENE_06523,CD3,2,938,-0.08868131254602207,-0.002078376447477573,-2.582860902897894,0.009798481905794675,0.00980753362118109
CD8A,CD45RO,3,171,-0.19526361318482982,0.0019826061504805495,-2.5793275146006938,0.009899288168393014,0.009903858476873343
GENE_05044,CD161,2,938,0.08275731487499807,0.00015271461820080102,2.5769348268174963,0.00996807431974314,0.00996807431974314
